h3,lat,lon,area,police_station,growth_x,delta_per_day,base_rate,rec_rate,rec_n,CIS,top_violation
8961892ebc7ffff,13.007255353639623,77.62158035665794,Old Bagalur Layout,Pulikeshinagar(F.Town),43.8,2.427,0.03669724770642202,2.4634146341463414,101.0,32.92,NO PARKING
896189246b3ffff,12.886332082904321,77.65023391915818,Old Prabhu Layout,Electronic City,35.15,0.683,0.0,0.6829268292682927,28.0,22.38,WRONG PARKING
89618925cb3ffff,12.916402021319747,77.61703487260975,Someshwara Colony,Mico Layout,32.71,0.634,0.0,0.6341463414634146,26.0,18.56,WRONG PARKING
896014595b7ffff,13.01286829482432,77.53562119741419,Syndicate Bank Quarters,Rajajinagar,31.49,0.61,0.0,0.6097560975609756,25.0,21.55,NO PARKING
89618925d6fffff,12.928256959316693,77.59135811478713,Corporation Layout,Jayanagara,30.27,0.585,0.0,0.5853658536585366,24.0,17.69,WRONG PARKING
8961892522bffff,12.966500082018399,77.65822152458404,Jeevan Bima Nagar,Jeevanbheemanagar,23.7,1.911,0.06422018348623854,1.975609756097561,81.0,34.22,WRONG PARKING
8960145a483ffff,12.91873569304952,77.5641264624357,ACS Meghana Shalini,Banashankari,19.29,0.366,0.0,0.36585365853658536,15.0,16.36,WRONG PARKING
8961892444fffff,12.88312669250983,77.64957741172739,Filor House,Electronic City,19.29,0.366,0.0,0.36585365853658536,15.0,12.19,WRONG PARKING
8960145a65bffff,12.957184398636516,77.57198846341707,K Mariyappa Circle,V.V.Puram (C.Pet),18.45,1.149,0.045871559633027525,1.1951219512195121,49.0,26.53,NO PARKING
89601459ed7ffff,13.050318648235917,77.51519194164204,Josy Layout,Chikkabanavara,16.85,0.317,0.0,0.3170731707317073,13.0,12.59,WRONG PARKING
89618927383ffff,12.895844543581084,77.67749170690524,Klassik Landmark,Bellandur,16.85,0.317,0.0,0.3170731707317073,13.0,11.2,WRONG PARKING
896014594a7ffff,13.022429200105345,77.55442874309225,Dr Ambedkar Nagar,Yeshwanthpura,15.63,0.293,0.0,0.2926829268292683,12.0,12.51,WRONG PARKING
8960169608bffff,13.093951040329884,77.58029904824161,Yelahanka New Town,Yelahanka,15.63,0.293,0.0,0.2926829268292683,12.0,10.46,WRONG PARKING
8961892ec8bffff,12.973999837334667,77.6541336598593,Geethanjali Layout,Jeevanbheemanagar,14.41,0.268,0.0,0.2682926829268293,11.0,11.67,PARKING IN A MAIN ROAD
8961892ca77ffff,13.072511586851927,77.6040184936489,Kempegowda Circle,Hebbala,14.06,0.381,0.009174311926605505,0.3902439024390244,16.0,15.45,WRONG PARKING
8961892ed1bffff,12.971943653917675,77.63121754714716,Doddaiah Layout,Halasur,14.06,1.219,0.07339449541284404,1.2926829268292683,53.0,31.13,PARKING IN A MAIN ROAD
89618925c8bffff,12.921722140491237,77.62374551467965,FSL Quarters,Madiwala,13.88,1.558,0.10091743119266056,1.6585365853658536,68.0,28.27,NO PARKING
8961892c3c7ffff,13.05954025045937,77.65197583359235,Chikka Aneppa Layout,Hennuru,13.28,1.372,0.09174311926605505,1.4634146341463414,60.0,29.62,NO PARKING
8960145a647ffff,12.95506745820669,77.56593700252081,Keshava Shilpa Circle,Basavanagudi,13.24,0.469,0.01834862385321101,0.4878048780487805,20.0,16.03,NO PARKING
8960145a6a3ffff,12.94119319988444,77.56029116791997,Hanumantha Nagar,Basavanagudi,13.24,0.469,0.01834862385321101,0.4878048780487805,20.0,17.21,WRONG PARKING
89618927387ffff,12.894787606145158,77.67446256992079,Bhuvi Colony,Electronic City,12.4,1.274,0.09174311926605505,1.3658536585365855,56.0,29.54,WRONG PARKING
8960145b00bffff,12.996720039359563,77.57445571314572,Sangeetha Apartment,Sheshadripuram,12.39,0.332,0.009174311926605505,0.34146341463414637,14.0,15.28,WRONG PARKING
8961892cecfffff,13.055327992693885,77.63142641595768,Thanisandra Circle,Hennuru,11.98,0.22,0.0,0.21951219512195122,9.0,8.62,NO PARKING
8960145a6bbffff,12.94225148803638,77.56331648845052,Mount Joy Extension,Basavanagudi,11.97,0.622,0.03669724770642202,0.6585365853658537,27.0,22.83,WRONG PARKING
8960145a6cfffff,12.950776218250006,77.57067794533752,Sankarapuram,V.V.Puram (C.Pet),11.71,0.509,0.027522935779816515,0.5365853658536586,22.0,15.49,NO PARKING
896189252afffff,12.957941840869058,77.65928018705607,SNS Arcade,Jeevanbheemanagar,11.54,0.597,0.03669724770642202,0.6341463414634146,26.0,21.46,PARKING IN A MAIN ROAD
8960145a64bffff,12.959329982503212,77.56961790173713,Shri Ma Ramamurthy Circle,V.V.Puram (C.Pet),10.86,1.192,0.10091743119266056,1.2926829268292683,53.0,29.85,NO PARKING
8960145a22bffff,12.966907708655937,77.54026981935905,Vijay Mansion,Vijayanagara,10.76,0.195,0.0,0.1951219512195122,8.0,8.49,WRONG PARKING
89618920e4fffff,12.957613408823768,77.7436254230179,Sigma Soft Teck Park,Whitefield,10.76,0.195,0.0,0.1951219512195122,8.0,8.07,WRONG PARKING
896189219bbffff,12.979068925833586,77.72832469963723,SJR I Park,Whitefield,10.76,0.195,0.0,0.1951219512195122,8.0,10.29,WRONG PARKING
89618921ab7ffff,13.004657085544283,77.75046934296134,Esplanade,Mahadevapura,10.76,0.195,0.0,0.1951219512195122,8.0,7.96,WRONG PARKING
896189240dbffff,12.889571777945143,77.6424629473342,Kudlu Gate,Electronic City,10.76,0.195,0.0,0.1951219512195122,8.0,7.96,WRONG PARKING
89618925947ffff,12.940046617864743,77.5825308315191,Jayanagar East,Wilson Garden,10.43,5.642,0.5779816513761468,6.219512195121951,255.0,47.46,WRONG PARKING
89601459863ffff,13.05360872153461,77.48217443332275,Anchepalya Village,No Police Station,9.88,0.259,0.009174311926605505,0.2682926829268293,11.0,10.69,WRONG PARKING
8960145a353ffff,12.961586618406587,77.53356593494294,Attiguppe Circle,Vijayanagara,9.66,0.412,0.027522935779816515,0.43902439024390244,18.0,17.63,WRONG PARKING
89618921957ffff,12.989746463056846,77.7333312251394,Sadaramangala Industrial Area,Mahadevapura,9.56,0.564,0.045871559633027525,0.6097560975609756,25.0,18.89,WRONG PARKING
8961892e287ffff,13.006992956226615,77.69746766456792,Nanjamma Layout,K.R. Pura,9.24,2.432,0.27522935779816515,2.707317073170732,111.0,41.24,PARKING IN A MAIN ROAD
89618924ccbffff,12.876920765226062,77.59771497671579,Royal Meenakshi Mall,Hulimavu,8.82,3.889,0.47706422018348627,4.365853658536586,179.0,42.17,WRONG PARKING
896189218a3ffff,12.98541645373974,77.74651839120118,Gulmohar,Whitefield,8.0,1.746,0.22935779816513763,1.975609756097561,81.0,40.26,PARKING IN A MAIN ROAD
896014594d7ffff,13.02772704957693,77.56955947468921,MS Ramaiah Hospital Junction,Sadashivanagar,7.76,1.313,0.1743119266055046,1.4878048780487805,61.0,31.22,NO PARKING
89601459697ffff,13.042687153942886,77.56980995295861,HIG Colony,Kodigehalli,7.52,0.25,0.01834862385321101,0.2682926829268293,11.0,11.88,NO PARKING
896014583cfffff,13.010822318535666,77.50431578217236,Peenya,Peenya,7.37,0.186,0.009174311926605505,0.1951219512195122,8.0,9.3,WRONG PARKING
8961892532bffff,12.959093158251644,77.63702033959996,Domlur Layout,Halasur,7.37,0.186,0.009174311926605505,0.1951219512195122,8.0,10.99,NO PARKING
89618925ca7ffff,12.91749159579667,77.61163672595205,BTM Circle,Mico Layout,7.37,0.186,0.009174311926605505,0.1951219512195122,8.0,10.63,WRONG PARKING
8961892cdabffff,13.019096268372735,77.59589489285925,RT Nagar,R.T. Nagar,7.37,0.186,0.009174311926605505,0.1951219512195122,8.0,7.91,NO PARKING
89618924aa3ffff,12.903742264817788,77.57229683267205,Adarsh Nivas,J.P. Nagar,7.09,0.29,0.027522935779816515,0.3170731707317073,13.0,12.64,NO PARKING
89618925423ffff,12.925821576145031,77.6695725227734,Green Glen Layout,Bellandur,6.97,0.393,0.045871559633027525,0.43902439024390244,18.0,20.34,WRONG PARKING
8961892cc9bffff,13.02433861204959,77.62789046012053,Brindavan Nagar,K.G. Halli,6.97,0.393,0.045871559633027525,0.43902439024390244,18.0,18.21,NO PARKING
8961892086bffff,12.951302116841699,77.71699781035542,Samhita Rainbow MTB Apartment,Whitefield,6.94,6.009,0.9908256880733946,7.0,287.0,56.57,PARKING IN A MAIN ROAD
896189258cfffff,12.943160543533148,77.60845874666745,Adugodi,Adugodi,6.9,0.497,0.06422018348623854,0.5609756097560976,23.0,23.02,NO PARKING
8961892e893ffff,12.983675668526326,77.63924373238406,New Binnamangla,Jeevanbheemanagar,6.8,0.808,0.11926605504587157,0.926829268292683,38.0,25.75,WRONG PARKING
89618925d1bffff,12.919670208743652,77.60084130008632,Gurappanapalya Junction,Mico Layout,6.62,0.68,0.10091743119266056,0.7804878048780488,32.0,23.43,NO PARKING
8960145b3d7ffff,13.005299430756127,77.56497223649048,Chitrapur Circle,Malleshwaram,6.51,0.616,0.09174311926605505,0.7073170731707317,29.0,21.13,WRONG PARKING
8960145b597ffff,12.960388498109769,77.57264375014819,TP Kailasam Circle,V.V.Puram (C.Pet),6.49,0.966,0.1559633027522936,1.1219512195121952,46.0,29.76,NO PARKING
8960145a6c3ffff,12.948630469633484,77.57304846211579,Vanivilas Circle,V.V.Puram (C.Pet),6.38,0.798,0.12844036697247707,0.926829268292683,38.0,24.7,NO PARKING
8960145a1cbffff,12.937017256991048,77.53135376474405,Veerabhadra Nagara Circle,Banashankari,6.38,0.305,0.03669724770642202,0.34146341463414637,14.0,16.05,WRONG PARKING
8960145b28bffff,13.011654912735974,77.58313084905326,Achaiah Chetty Layout,Sadashivanagar,6.32,0.838,0.13761467889908258,0.975609756097561,40.0,28.08,WRONG PARKING
89618925863ffff,12.948541857617831,77.59831850263481,Narayanpura,Wilson Garden,6.15,2.182,0.4036697247706422,2.5853658536585367,106.0,41.93,WRONG PARKING
89618925ea3ffff,12.940983026740929,77.61925586535979,Koramangala,Adugodi,6.13,0.996,0.1743119266055046,1.170731707317073,48.0,27.71,WRONG PARKING
896189219abffff,12.98121744219882,77.72595090269382,SJR I Park,Mahadevapura,6.07,0.241,0.027522935779816515,0.2682926829268293,11.0,12.92,WRONG PARKING
8960145b3c7ffff,13.007444063690391,77.56260144298766,Gitanjali Circle,Malleshwaram,5.86,0.32,0.045871559633027525,0.36585365853658536,15.0,17.32,WRONG PARKING
8960145a66fffff,12.958299791419194,77.55817077178229,Kaniyar Colony,Chamarajpet,5.74,0.399,0.06422018348623854,0.4634146341463415,19.0,22.36,PARKING IN A MAIN ROAD
8960145a037ffff,12.938075641485586,77.53437795816625,Veerabhadra Nagara Circle,Banashankari,5.72,0.701,0.12844036697247707,0.8292682926829268,34.0,25.22,WRONG PARKING
8960145a14fffff,12.943452183574074,77.52424504368166,Pantharapalya,Byatarayanapura,5.51,0.256,0.03669724770642202,0.2926829268292683,12.0,15.19,WRONG PARKING
896014582d3ffff,13.013952603179225,77.53022601889961,Nandini Layout,Rajajinagar,5.51,0.835,0.1651376146788991,1.0,41.0,29.48,WRONG PARKING
89618925c97ffff,12.915312268177555,77.62243330832052,Silk Board Junction,Mico Layout,5.49,0.296,0.045871559633027525,0.34146341463414637,14.0,17.58,WRONG PARKING
8961892edd7ffff,12.96765021998088,77.63596131934553,Sri Paramahamsa Yogananda Circle,Jeevanbheemanagar,5.49,0.296,0.045871559633027525,0.34146341463414637,14.0,14.99,WRONG PARKING
89618925d97ffff,12.907909448382473,77.60124501094569,Sarakki Industrial Layout,Mico Layout,5.44,8.08,1.798165137614679,9.878048780487806,405.0,58.07,NO PARKING
8961892ec0fffff,12.980440692593191,77.64701683006362,Michaelpalya,Jeevanbheemanagar,5.44,0.414,0.07339449541284404,0.4878048780487805,20.0,19.36,NO PARKING
8960145b1abffff,12.981840079101731,77.54893911965907,GEF Block,Magadi Road,5.43,5.408,1.201834862385321,6.609756097560975,271.0,53.3,WRONG PARKING
8961892c9b3ffff,13.028761170088776,77.58101069107194,D Type Quarters,Kodigehalli,5.39,0.652,0.12844036697247707,0.7804878048780488,32.0,27.1,WRONG PARKING
8960145a0d3ffff,12.939076622048708,77.55424089849106,Kattera Guppe,Basavanagudi,5.12,0.271,0.045871559633027525,0.3170731707317073,13.0,16.52,NO PARKING
8960145ad9bffff,12.912591326292894,77.4870669769287,Nathamkaiamcheri,Kengeri,5.12,0.271,0.045871559633027525,0.3170731707317073,13.0,19.5,PARKING IN A MAIN ROAD
896016960c3ffff,13.098215646036618,77.583982401524,Sector B,Yelahanka,5.06,0.603,0.12844036697247707,0.7317073170731707,30.0,25.31,WRONG PARKING
8960145918bffff,13.034256564638236,77.52875883479138,BDA Industrial Suburb,Yeshwanthpura,5.04,0.192,0.027522935779816515,0.21951219512195122,9.0,11.13,WRONG PARKING
8961892482bffff,12.892014785214199,77.56428130900501,Narayana Nagar,K.S. Layout,5.04,0.192,0.027522935779816515,0.21951219512195122,9.0,12.74,NO PARKING
8961892c947ffff,13.04478195094608,77.58428887272623,Abdul Jabbar Layout,Kodigehalli,5.04,0.192,0.027522935779816515,0.21951219512195122,9.0,11.37,NO PARKING
8961892e447ffff,12.9844881435132,77.70973531771631,ESI Road Junction,Mahadevapura,5.01,0.484,0.10091743119266056,0.5853658536585366,24.0,23.9,WRONG PARKING
8961892c357ffff,13.064890973952178,77.65025979906346,Arge Helios,Hennuru,4.98,0.445,0.09174311926605505,0.5365853658536586,22.0,20.71,WRONG PARKING
8961892eb97ffff,12.997640980093008,77.61961164393412,Government Police Quarters,Pulikeshinagar(F.Town),4.95,0.405,0.08256880733944955,0.4878048780487805,20.0,18.99,WRONG PARKING
89618925c07ffff,12.924958856711559,77.61597568176134,Madiwala Junction,Madiwala,4.91,0.366,0.07339449541284404,0.43902439024390244,18.0,19.77,NO PARKING
896016911d7ffff,13.244330021368336,77.71240172493725,Dr MD Nanjundaswamy Circle,Devanahalli Airport,4.86,0.926,0.22018348623853212,1.146341463414634,47.0,32.02,NO PARKING
89601459b13ffff,13.05897407311296,77.47204278381328,Madavara,No Police Station,4.49,0.262,0.05504587155963303,0.3170731707317073,13.0,14.93,WRONG PARKING
896189258abffff,12.93678185081552,77.59872233612496,Hombegowda Nagar,Wilson Garden,4.49,0.262,0.05504587155963303,0.3170731707317073,13.0,14.47,NO PARKING
89618925b37ffff,12.952892973581834,77.57672967749363,Sajjan Rao Circle,V.V.Puram (C.Pet),4.47,1.057,0.28440366972477066,1.3414634146341464,55.0,31.92,WRONG PARKING
896189251afffff,12.92810012497215,77.63348470349756,Koramangala,Adugodi,4.29,0.819,0.22935779816513763,1.048780487804878,43.0,32.01,NO PARKING
8960145a653ffff,12.953980305342835,77.57133319514705,Chandra Shekhar Bharati Layout,V.V.Puram (C.Pet),4.27,0.576,0.1559633027522936,0.7317073170731707,30.0,22.66,NO PARKING
8961892446fffff,12.883161251547719,77.64115021308399,Ramaiah Reddy Layout,Hulimavu,4.23,1.486,0.44036697247706424,1.9268292682926829,79.0,36.71,WRONG PARKING
89618924273ffff,12.91633732868704,77.63388732767702,Sai Nandana Residency,HSR Layout,4.22,0.183,0.03669724770642202,0.21951219512195122,9.0,14.38,WRONG PARKING
89618925133ffff,12.931305213783224,77.63414102093309,Koramangala,Adugodi,4.22,1.392,0.41284403669724773,1.8048780487804879,74.0,38.01,NO PARKING
8960145b507ffff,12.970028860774471,77.5661872356037,SBI Flats Binnyston Gardens,Magadi Road,4.17,0.442,0.11926605504587157,0.5609756097560976,23.0,23.09,WRONG PARKING
8961892e0dbffff,12.994138066742732,77.70327265867313,Brigade Summit,Mahadevapura,4.09,0.402,0.11009174311926606,0.5121951219512195,21.0,22.01,WRONG PARKING
896189258c7ffff,12.939955866970383,77.60780286016352,ML Colony,Adugodi,4.08,0.457,0.12844036697247707,0.5853658536585366,24.0,22.7,NO PARKING
8960145987bffff,13.05466917881846,77.48519792250843,Chikkabidarakallu,No Police Station,4.01,0.198,0.045871559633027525,0.24390243902439024,10.0,13.87,WRONG PARKING
89618920e7bffff,12.956555897939342,77.74059321388498,DNR Atmosphere,Whitefield,4.01,0.198,0.045871559633027525,0.24390243902439024,10.0,14.31,WRONG PARKING
8961892432fffff,12.905762343318676,77.60361580014528,Kalyani Trident,Mico Layout,4.01,0.198,0.045871559633027525,0.24390243902439024,10.0,14.12,NO PARKING
89618925e33ffff,12.946334690758022,77.61754055221942,Rajendra Nagar,Adugodi,4.01,0.198,0.045871559633027525,0.24390243902439024,10.0,14.09,WRONG PARKING
89618925bd3ffff,12.953892620527329,77.59660318734012,NGO Colony,Wilson Garden,4.0,0.253,0.06422018348623854,0.3170731707317073,13.0,17.24,WRONG PARKING
8960169050bffff,13.183442262734433,77.6914556126405,Chikkanahalli North Taluka,Chikkajala,4.0,0.417,0.11926605504587157,0.5365853658536586,22.0,20.37,WRONG PARKING
89618925b97ffff,12.945367286220227,77.58923879122379,Siddapura Circle,Wilson Garden,3.99,0.637,0.1926605504587156,0.8292682926829268,34.0,26.47,NO PARKING
8960145a29bffff,12.957241227232606,77.55514548671897,AR Compound,Chamarajpet,3.93,0.597,0.1834862385321101,0.7804878048780488,32.0,28.38,WRONG PARKING
8960145867bffff,13.009664838996999,77.53496645735052,APMC Government Quarters,Rajajinagar,3.87,0.268,0.07339449541284404,0.34146341463414637,14.0,20.37,NO PARKING
8961892cca7ffff,13.022247318788272,77.61340511069417,Sowkar Nagar,K.G. Halli,3.87,0.268,0.07339449541284404,0.34146341463414637,14.0,16.13,WRONG PARKING
89618925b27ffff,12.95503872899199,77.5743590553384,Chandra Shekhar Bharati Layout,V.V.Puram (C.Pet),3.86,0.503,0.1559633027522936,0.6585365853658537,27.0,23.19,NO PARKING
89618920ed7ffff,12.944751596742742,77.74943055239919,BCM Layout,Whitefield,3.84,0.213,0.05504587155963303,0.2682926829268293,11.0,14.17,WRONG PARKING
89601459407ffff,13.029896350435614,77.55876499874549,Mathikere Extension,Yeshwanthpura,3.79,0.158,0.03669724770642202,0.1951219512195122,8.0,10.66,WRONG PARKING
8960145b14bffff,12.996773274802708,77.55761010772231,Mariappanapalya,Malleshwaram,3.74,0.533,0.1743119266055046,0.7073170731707317,29.0,26.13,WRONG PARKING
89618925d27ffff,12.917585911201643,77.58636545100751,Sri Aurobindo Circle,Jayanagara,3.74,0.533,0.1743119266055046,0.7073170731707317,29.0,26.89,WRONG PARKING
8960145a643ffff,12.956125928712485,77.56896267104027,Shri Ma Ramamurthy Circle,V.V.Puram (C.Pet),3.72,0.478,0.1559633027522936,0.6341463414634146,26.0,25.53,NO PARKING
896189256cfffff,12.950344127267098,77.68866373199731,Divyasree Technopolis,HAL Old Airport,3.72,0.353,0.11009174311926606,0.4634146341463415,19.0,19.12,NO PARKING
8960145a66bffff,12.959358355046797,77.56119618074078,Sirsi Circle,Chamarajpet,3.65,0.563,0.1926605504587156,0.7560975609756098,31.0,27.87,PARKING IN A MAIN ROAD
8960145b313ffff,13.006384767834748,77.55957550906031,Block A,Malleshwaram,3.64,0.174,0.045871559633027525,0.21951219512195122,9.0,12.15,WRONG PARKING
89618925917ffff,12.930433802467139,77.58056462933536,Shri Vinayaka Circle,Jayanagara,3.62,3.688,1.385321100917431,5.073170731707317,208.0,50.93,NO PARKING
8961892e167ffff,12.9921436344337,77.66347675018947,Gopalan Grand Mall,Banaswadi,3.61,1.443,0.5321100917431193,1.975609756097561,81.0,38.34,NO PARKING
89618926b57ffff,12.855579716233356,77.58773078395566,Hexa Skyline,Hulimavu,3.61,0.244,0.07339449541284404,0.3170731707317073,13.0,16.72,NO PARKING
8960145a213ffff,12.961531595750946,77.5504050575149,Old Guddadahalli,Magadi Road,3.53,0.329,0.11009174311926606,0.43902439024390244,18.0,17.99,NO PARKING
89618925e73ffff,12.953802474948665,77.62188034479114,Sannenahalli,Ashok Nagar,3.52,0.189,0.05504587155963303,0.24390243902439024,10.0,14.4,WRONG PARKING
89618925c1bffff,12.927074311657892,77.62203030021935,Koramangala Water Tank Junction,Madiwala,3.38,0.375,0.13761467889908258,0.5121951219512195,21.0,21.62,WRONG PARKING
8961892c983ffff,13.030880206874519,77.5870647301248,UAS Quarters,Kodigehalli,3.35,0.219,0.07339449541284404,0.2926829268292683,12.0,17.49,WRONG PARKING
8960145b567ffff,12.977523183604852,77.56210130950738,Gopalapuram,Magadi Road,3.27,0.149,0.045871559633027525,0.1951219512195122,8.0,14.49,WRONG PARKING
8961892429bffff,12.90454094322411,77.64271705932173,Ramachandra Reddy Layout,HSR Layout,3.21,0.551,0.22935779816513763,0.7804878048780488,32.0,29.74,WRONG PARKING
8961892493bffff,12.882465960317532,77.54547932837262,Centreo Apartment,Thalagattapura,3.19,0.164,0.05504587155963303,0.21951219512195122,9.0,14.25,WRONG PARKING
8961892436bffff,12.914286839108176,77.61098083761343,Ram Sridhar Apartment,Mico Layout,3.19,0.265,0.10091743119266056,0.36585365853658536,15.0,17.2,NO PARKING
8961892e913ffff,12.983763254909702,77.61395920281534,Shree Circle,Pulikeshinagar(F.Town),3.16,1.33,0.5963302752293578,1.9268292682926829,79.0,39.73,NO PARKING
896189243dbffff,12.90460732110776,77.62586358134249,Bommanahalli,Madiwala,3.09,0.311,0.12844036697247707,0.43902439024390244,18.0,23.03,NO PARKING
8960145b157ffff,12.99036564246649,77.55629993246922,ESI Hospital Junction,Rajajinagar,3.08,1.413,0.6605504587155964,2.073170731707317,85.0,39.9,WRONG PARKING
8960145b237ffff,13.012766632726953,77.56930902145554,Sri Maramma Temple Circle,Malleshwaram,3.07,0.326,0.13761467889908258,0.4634146341463415,19.0,21.96,WRONG PARKING
896014594b7ffff,13.020284990712538,77.55679949061893,Yeshwanthapura Circle,Yeshwanthpura,3.01,1.626,0.7889908256880734,2.4146341463414633,99.0,42.85,WRONG PARKING
8960145a2d3ffff,12.961503674767634,77.55882581525834,Kaniyar Colony,Chamarajpet,2.99,0.533,0.24770642201834864,0.7804878048780488,32.0,28.64,NO PARKING
89618921887ffff,12.98432544522287,77.75192540220347,Hope Farm Circle,Whitefield,2.97,0.563,0.26605504587155965,0.8292682926829268,34.0,32.37,WRONG PARKING
8961892cb0fffff,13.062947053522507,77.5851958499751,Oscar Orchards,Kodigehalli,2.97,0.256,0.11009174311926606,0.36585365853658536,15.0,20.26,WRONG PARKING
896189254b7ffff,12.915113558480368,77.67300308833273,Srinivasa Classic,Bellandur,2.96,0.578,0.27522935779816515,0.8536585365853658,35.0,28.79,NO PARKING
8961892cc1bffff,13.031834612895974,77.62380248024556,Sri Muthu Mariyamma Circle,K.G. Halli,2.91,0.493,0.23853211009174313,0.7317073170731707,30.0,23.39,NO PARKING
8961892586fffff,12.95068814105564,77.59594748863539,NGO Colony,Wilson Garden,2.9,0.508,0.24770642201834864,0.7560975609756098,31.0,29.22,NO PARKING
8961892eb83ffff,13.000845765441033,77.62026786302566,Pottery Road CHS,Pulikeshinagar(F.Town),2.9,0.508,0.24770642201834864,0.7560975609756098,31.0,28.59,NO PARKING
896189253cfffff,12.957973175560554,77.65085002785956,Manipal Hospital Junction,Jeevanbheemanagar,2.87,0.569,0.28440366972477066,0.8536585365853658,35.0,28.77,NO PARKING
89618925c8fffff,12.92066450523223,77.62071813200546,Market Square Value Mall,Madiwala,2.87,1.014,0.5229357798165137,1.5365853658536586,63.0,38.84,NO PARKING
8960145b5a3ffff,12.96362089285422,77.56487686913171,Karnataka Police Staff Quarters,Chamarajpet,2.87,0.14,0.05504587155963303,0.1951219512195122,8.0,12.68,WRONG PARKING
8961892ec77ffff,12.98258747286289,77.6446446134957,George Thangiah Complex,Jeevanbheemanagar,2.87,0.14,0.05504587155963303,0.1951219512195122,8.0,14.37,WRONG PARKING
8961892c96fffff,13.048010786985785,77.5765189678923,Nagashetty Halli,Kodigehalli,2.82,7.402,4.036697247706422,11.439024390243903,469.0,64.79,WRONG PARKING
89618921acfffff,13.017452443258083,77.76154509246324,Tivoli Apartment,Mahadevapura,2.81,0.186,0.08256880733944955,0.2682926829268293,11.0,14.56,WRONG PARKING
8960145b5bbffff,12.964679501013965,77.56790258188853,Police Quarters,Chamarajpet,2.78,0.231,0.11009174311926606,0.34146341463414637,14.0,19.68,NO PARKING
89618925ba7ffff,12.947542920685079,77.57844494889376,Lalbhagh West Gate Circle,Basavanagudi,2.76,0.682,0.3669724770642202,1.048780487804878,43.0,33.22,NO PARKING
8960169046fffff,13.197304601114366,77.70556119729233,Arisinakunte,Devanahalli Airport,2.76,0.277,0.13761467889908258,0.4146341463414634,17.0,21.57,NO PARKING
89618925c6fffff,12.93566235768038,77.61254521974081,UCO Bank Junction,Adugodi,2.76,2.048,1.146788990825688,3.1951219512195124,131.0,48.97,NO PARKING
8960145b5a7ffff,12.962562284101672,77.56185128025189,Sirsi Circle,Chamarajpet,2.75,0.292,0.14678899082568808,0.43902439024390244,18.0,19.28,NO PARKING
8961892e90fffff,12.988055223834326,77.60921604741871,Nehru Puram,Pulikeshinagar(F.Town),2.75,0.773,0.42201834862385323,1.1951219512195121,49.0,31.06,NO PARKING
89618925b87ffff,12.947513430842381,77.58686798044789,Siddapura Circle,Wilson Garden,2.72,0.444,0.23853211009174313,0.6829268292682927,28.0,24.3,NO PARKING
8961892e16fffff,12.995349105006893,77.66413373661831,Gopalan Grand Mall,Banaswadi,2.72,2.541,1.4587155963302751,4.0,164.0,50.95,WRONG PARKING
89618925977ffff,12.937930322970495,77.57647891671995,Krest Park Apartment,Basavanagudi,2.68,1.327,0.7706422018348624,2.097560975609756,86.0,40.47,WRONG PARKING
896016961a7ffff,13.082285237805257,77.54700394113785,Mohammad Sab Palya Circle,Yelahanka,2.62,0.359,0.2018348623853211,0.5609756097560976,23.0,27.27,NO PARKING
8960145a2d7ffff,12.960445064863405,77.55580047416036,AR Compound,Chamarajpet,2.62,0.344,0.1926605504587156,0.5365853658536586,22.0,25.36,PARKING IN A MAIN ROAD
8961892cccfffff,13.032893936677823,77.62683107059931,CMR Garden,K.G. Halli,2.61,0.313,0.1743119266055046,0.4878048780487805,20.0,19.99,NO PARKING
896189255dbffff,12.919410295968431,77.66825867162429,Bellandur Gate,Bellandur,2.61,0.283,0.1559633027522936,0.43902439024390244,18.0,20.83,WRONG PARKING
8960145b0cfffff,12.99563399408002,77.5798531227976,DN Ramaiah Layout,Sheshadripuram,2.6,0.253,0.13761467889908258,0.3902439024390244,16.0,21.82,NO PARKING
89618927673ffff,12.901058210412353,77.70950512219127,East Park Residences,Whitefield,2.6,0.237,0.12844036697247707,0.36585365853658536,15.0,20.41,WRONG PARKING
8960145a51bffff,12.919883304691218,77.54189287697308,Thimmaraya Gowda Layout,Banashankari,2.6,0.222,0.11926605504587157,0.34146341463414637,14.0,20.73,PARKING IN A MAIN ROAD
8960145a6cbffff,12.951834596206911,77.57370374949657,Vanivilas Circle,V.V.Puram (C.Pet),2.6,0.222,0.11926605504587157,0.34146341463414637,14.0,20.65,NO PARKING
8960145a423ffff,12.926261301857247,77.55162135202855,Kathriguppe Circle,Banashankari,2.59,2.407,1.4954128440366972,3.902439024390244,160.0,49.1,NO PARKING
896189253c3ffff,12.955825855338745,77.65322217673211,Golf Manor Apartment,Jeevanbheemanagar,2.59,0.192,0.10091743119266056,0.2926829268292683,12.0,20.25,PARKING IN A MAIN ROAD
8960145b0b7ffff,12.982844869699399,77.56880819008043,Platform Road Junction,Sheshadripuram,2.57,0.161,0.08256880733944955,0.24390243902439024,10.0,14.69,NO PARKING
8960145b4c3ffff,12.978470030208513,77.59882231108581,Mantri Altiue Apartment,Cubbon Park,2.56,0.146,0.07339449541284404,0.21951219512195122,9.0,17.32,WRONG PARKING
8960145a427ffff,12.925203195422025,77.5485966272477,Bengaluru,Banashankari,2.55,0.131,0.06422018348623854,0.1951219512195122,8.0,15.76,WRONG PARKING
8961892e2a3ffff,13.008081785457465,77.69206334820882,Devasandra Junction,K.R. Pura,2.55,2.16,1.3761467889908257,3.5365853658536586,145.0,50.93,WRONG PARKING
89618924a07ffff,12.91015060802967,77.57360720829021,SNN Raj Spiritua,J.P. Nagar,2.54,1.418,0.8990825688073395,2.317073170731707,95.0,41.83,WRONG PARKING
8960145b5b7ffff,12.96041691810413,77.56422171358516,Sirsi Circle,Chamarajpet,2.5,0.32,0.1926605504587156,0.5121951219512195,21.0,25.78,WRONG PARKING
89618925943ffff,12.94110476446078,77.5855569746218,Kanakana Palya,Wilson Garden,2.49,0.508,0.3211009174311927,0.8292682926829268,34.0,31.24,NO PARKING
89618925bcfffff,12.958184851330957,77.5918611747243,Sri Jai Maruthi Eat Out Junction,Wilson Garden,2.49,0.289,0.1743119266055046,0.4634146341463415,19.0,23.98,NO PARKING
8961892cb57ffff,13.065067090908125,77.59125087474521,Ganapathinagar,Kodigehalli,2.41,0.898,0.6146788990825688,1.5121951219512195,62.0,37.31,WRONG PARKING
8961892e687ffff,12.99195873938711,77.71408236486418,Hoodi Circle,Mahadevapura,2.4,0.183,0.11009174311926606,0.2926829268292683,12.0,19.28,WRONG PARKING
8960145934fffff,13.070575954366223,77.53056516105063,Divya Limelite,Jalahalli,2.38,0.167,0.10091743119266056,0.2682926829268293,11.0,19.24,WRONG PARKING
89618924a43ffff,12.918674630614579,77.58096903580913,Jayanagar,Jayanagara,2.36,0.265,0.1743119266055046,0.43902439024390244,18.0,24.22,WRONG PARKING
8960145912fffff,13.040709406515866,77.51322862819842,Krishna Gowda Layout,Peenya,2.35,0.475,0.3302752293577982,0.8048780487804879,33.0,30.8,NO PARKING
8960145a6dbffff,12.949688801316903,77.57607433408133,Sri Vasavi Circle,V.V.Puram (C.Pet),2.35,0.572,0.4036697247706422,0.975609756097561,40.0,31.01,NO PARKING
8961892cb27ffff,13.059766990416827,77.5761142420096,Kodigehalli Circle,Kodigehalli,2.35,0.669,0.47706422018348627,1.146341463414634,47.0,35.68,WRONG PARKING
8960145b17bffff,12.994654954651589,77.55155894796208,Rajaji Nagar,Rajajinagar,2.34,1.868,1.3761467889908257,3.2439024390243905,133.0,47.2,WRONG PARKING
89601458413ffff,12.97654518130412,77.53381451036765,Gangadhara Layout,Vijayanagara,2.34,0.137,0.08256880733944955,0.21951219512195122,9.0,15.54,WRONG PARKING
896014594c3ffff,13.03093101821963,77.57021486830193,BEL Employees HBCS,Sadashivanagar,2.34,0.137,0.08256880733944955,0.21951219512195122,9.0,17.9,NO PARKING
89618920a83ffff,12.955532367899817,77.72912366506138,Siddapura,Whitefield,2.34,0.137,0.08256880733944955,0.21951219512195122,9.0,15.74,WRONG PARKING
896189243afffff,12.898263152184532,77.60770167294788,Someshwara Layout,Mico Layout,2.3,0.122,0.07339449541284404,0.1951219512195122,8.0,15.13,NO PARKING
8961892e993ffff,12.976266153356367,77.6180463329245,HM Gladiolus,Halasur,2.29,0.286,0.2018348623853211,0.4878048780487805,20.0,23.09,NO PARKING
89601458697ffff,12.990418306662551,77.5394581158736,Basaveshwara Nagar,Vijayanagara,2.29,0.368,0.26605504587155965,0.6341463414634146,26.0,29.72,WRONG PARKING
8960145b297ffff,13.005246527671353,77.5818197031409,Palace Orchard Upper,Sadashivanagar,2.29,0.368,0.26605504587155965,0.6341463414634146,26.0,27.86,NO PARKING
8961892096bffff,12.943899140646572,77.69578231413942,Bellandur Amanikere,HAL Old Airport,2.26,0.338,0.24770642201834864,0.5853658536585366,24.0,28.24,PARKING IN A MAIN ROAD
8960145b003ffff,12.993515958516587,77.57380031692995,Krishna Block,Sheshadripuram,2.26,0.8,0.6146788990825688,1.4146341463414633,58.0,37.97,NO PARKING
896014598dbffff,13.04716012572664,77.49770049375356,Nagasandra,Chikkabanavara,2.25,0.173,0.11926605504587157,0.2926829268292683,12.0,22.1,PARKING IN A MAIN ROAD
89618925c57ffff,12.930279224347764,77.62268641203792,Koramangala,Adugodi,2.25,0.173,0.11926605504587157,0.2926829268292683,12.0,17.61,WRONG PARKING
8960145a283ffff,12.956182662498325,77.55212032556005,PMM Compound,Chamarajpet,2.22,0.158,0.11009174311926606,0.2682926829268293,11.0,19.39,WRONG PARKING
8961892e383ffff,13.000641779890618,77.67928366926746,Venkatappa Colony,Mahadevapura,2.22,1.429,1.1559633027522935,2.5853658536585367,106.0,47.78,PARKING IN A MAIN ROAD
89618924a77ffff,12.91550114969663,77.57189215439784,Prestige Brooklyn Heights,K.S. Layout,2.19,0.395,0.3119266055045872,0.7073170731707317,29.0,28.66,NO PARKING
896189258d7ffff,12.937809155145697,77.6101740248907,Vaishnavi Silicon Terraces,Adugodi,2.18,0.262,0.2018348623853211,0.4634146341463415,19.0,22.78,WRONG PARKING
896189251a7ffff,12.924895042451425,77.63282840454069,SBI Colony,Adugodi,2.18,0.736,0.6055045871559633,1.3414634146341464,55.0,39.52,NO PARKING
89601458687ffff,12.99256264868298,77.53708794077231,Basaveshwara Nagar,Vijayanagara,2.17,0.721,0.5963302752293578,1.3170731707317074,54.0,37.96,WRONG PARKING
8961892185bffff,13.001417808358338,77.75825146769112,Sri Sathya Sai Gokulam,Mahadevapura,2.16,0.246,0.1926605504587156,0.43902439024390244,18.0,24.85,WRONG PARKING
8960145b1c7ffff,12.985017010631369,77.55801537264709,Rajaji Nagar,Rajajinagar,2.15,0.35,0.28440366972477066,0.6341463414634146,26.0,27.34,WRONG PARKING
89618924a8bffff,12.90691519480368,77.58137341326427,Learning to Fly,J.P. Nagar,2.14,0.179,0.13761467889908258,0.3170731707317073,13.0,18.86,NO PARKING
89618924ec7ffff,12.895091060602953,77.59862238831892,Indian Institute of Management,J.P. Nagar,2.12,0.976,0.8532110091743119,1.829268292682927,75.0,38.28,NO PARKING
8961892ebb3ffff,12.998728024713742,77.61421192715285,Frazer Town,Pulikeshinagar(F.Town),2.1,0.547,0.47706422018348627,1.024390243902439,42.0,31.18,NO PARKING
8960145b01bffff,12.994574976656478,77.57682665793281,Renaissance Crags,Sheshadripuram,2.1,0.113,0.08256880733944955,0.1951219512195122,8.0,14.72,NO PARKING
8961892487bffff,12.89733394768908,77.57098653087314,Narasamma Layout,K.S. Layout,2.08,0.201,0.1651376146788991,0.36585365853658536,15.0,21.95,NO PARKING
8960145a323ffff,12.956292854012514,77.51844520631552,Manasa Layout,Byatarayanapura,2.08,1.833,1.6788990825688073,3.5121951219512195,144.0,51.34,WRONG PARKING
8960145b3b3ffff,12.99891789453657,77.55523952514251,Rajaji Nagar,Malleshwaram,2.08,0.377,0.3302752293577982,0.7073170731707317,29.0,29.97,WRONG PARKING
89618924aabffff,12.906946433173966,77.57295201125342,Jaraganahalli Circle,J.P. Nagar,2.08,0.377,0.3302752293577982,0.7073170731707317,29.0,29.6,NO PARKING
89618924827ffff,12.887753273256596,77.56060150867145,Gopalan Jewels,Thalagattapura,2.07,0.414,0.3669724770642202,0.7804878048780488,32.0,32.36,NO PARKING
8961892e943ffff,12.993377421558263,77.61592752561967,Ranka D Paradise,Pulikeshinagar(F.Town),2.07,0.942,0.8623853211009175,1.8048780487804879,74.0,41.39,NO PARKING
89618925b73ffff,12.961418272288581,77.58409287131197,Kumbaragundi,Halasuru Gate,2.06,0.626,0.5688073394495413,1.1951219512195121,49.0,35.75,NO PARKING
8961892480bffff,12.89198311723081,77.57270148191178,Kuvempu Circle,Thalagattapura,2.05,0.186,0.1559633027522936,0.34146341463414637,14.0,21.29,WRONG PARKING
8961892404fffff,12.898164029556503,77.63297741507446,Vajpayee Nagar,Madiwala,2.05,0.31,0.27522935779816515,0.5853658536585366,24.0,29.09,WRONG PARKING
89601458037ffff,12.990520353527836,77.50578406103945,Sunkadakatte,Kamakshipalya,2.04,0.347,0.3119266055045872,0.6585365853658537,27.0,29.69,WRONG PARKING
8961892e073ffff,12.998464151233883,77.69009087562041,IWF Campus,Mahadevapura,2.03,0.295,0.26605504587155965,0.5609756097560976,23.0,26.47,WRONG PARKING
8960145a28bffff,12.959386454400294,77.55277525696718,Mominpura,Magadi Road,2.03,0.134,0.11009174311926606,0.24390243902439024,10.0,19.1,PARKING IN A MAIN ROAD
8961892602bffff,12.839271476298808,77.65184177088231,Concord Silicon Valley,Electronic City,2.02,0.17,0.14678899082568808,0.3170731707317073,13.0,19.62,WRONG PARKING
89601696683ffff,13.09817031930295,77.60083855243236,Raitarasanthe,Yelahanka,2.01,1.967,1.9357798165137614,3.902439024390244,160.0,48.8,NO PARKING
89618924933ffff,12.879262192116222,77.54482469012045,Raghuvanahalli,Thalagattapura,1.99,0.301,0.28440366972477066,0.5853658536585366,24.0,29.6,WRONG PARKING
89618925eb7ffff,12.937778180199137,77.61859979169184,KHB Colony,Adugodi,1.99,0.301,0.28440366972477066,0.5853658536585366,24.0,27.61,NO PARKING
8960145a46bffff,12.936931025861993,77.55661100094346,Sri Srinivasa Nagar Circle,Basavanagudi,1.99,0.192,0.1743119266055046,0.36585365853658536,15.0,24.72,WRONG PARKING
89601459e87ffff,13.044995209010441,77.50848857222482,Hesaragatta Cross Junction,Chikkabanavara,1.97,0.912,0.9174311926605505,1.829268292682927,75.0,43.79,WRONG PARKING
8960145b0dbffff,12.99454776958782,77.58525082213704,RV Layout,High ground,1.94,0.14,0.12844036697247707,0.2682926829268293,11.0,19.22,NO PARKING
89618925ba3ffff,12.948601205513501,77.58147101247559,Lalbhagh West Gate Circle,Wilson Garden,1.94,0.553,0.5688073394495413,1.1219512195121952,46.0,35.07,NO PARKING
89601459847ffff,13.052526977102799,77.48756754808251,Prestige Jindal City,No Police Station,1.94,0.234,0.22935779816513763,0.4634146341463415,19.0,25.0,WRONG PARKING
8961892e44fffff,12.987694337138329,77.71039310887498,Munikadirappa Layout,Mahadevapura,1.94,0.234,0.22935779816513763,0.4634146341463415,19.0,25.97,WRONG PARKING
89601459e17ffff,13.05034093604352,77.50677289642434,Havanoor Extension,Chikkabanavara,1.91,0.277,0.28440366972477066,0.5609756097560976,23.0,26.59,WRONG PARKING
89601690573ffff,13.18558658073182,77.68908096161415,Chikkanahalli North Taluka,Chikkajala,1.9,0.24,0.24770642201834864,0.4878048780487805,20.0,24.35,WRONG PARKING
89618925973ffff,12.938988470697542,77.57950481221539,Cauvery Circle,Basavanagudi,1.88,0.593,0.6513761467889908,1.2439024390243902,51.0,37.02,NO PARKING
8961892c503ffff,13.02316815852389,77.65858465432468,Sycon Cressida,Hennuru,1.87,0.146,0.14678899082568808,0.2926829268292683,12.0,18.26,NO PARKING
8960145b693ffff,12.991288020860356,77.60144565755562,Nayak Circle,Shivajinagar,1.87,1.066,1.201834862385321,2.268292682926829,93.0,41.76,NO PARKING
89618926b43ffff,12.858784177580333,77.58838613440561,Anjanapura Upavalaya,Hulimavu,1.87,0.225,0.23853211009174313,0.4634146341463415,19.0,25.29,NO PARKING
8960145a68fffff,12.943309775662664,77.56634193284613,Dhondusa Layout,Basavanagudi,1.86,0.978,1.1192660550458715,2.097560975609756,86.0,44.33,NO PARKING
896189240d3ffff,12.886366511472866,77.64180657097084,Ramaiah Reddy Layout,Hulimavu,1.86,1.574,1.81651376146789,3.3902439024390243,139.0,51.77,WRONG PARKING
8961892e683ffff,12.993016941115373,77.71711393457988,Thigalarapalya,Mahadevapura,1.85,0.368,0.41284403669724773,0.7804878048780488,32.0,32.31,WRONG PARKING
8960145824fffff,13.025730315711574,77.52140002104102,SBM Circle,Peenya,1.84,0.109,0.11009174311926606,0.21951219512195122,9.0,17.07,WRONG PARKING
896189242a7ffff,12.90245964272548,77.62823482919396,Temple Tree,Madiwala,1.84,0.109,0.11009174311926606,0.21951219512195122,9.0,17.3,NO PARKING
89618924363ffff,12.91108208882588,77.6103249677441,Sunshine Colony,Mico Layout,1.84,0.109,0.11009174311926606,0.21951219512195122,9.0,16.1,NO PARKING
89618925167ffff,12.939862656502562,77.63308205041064,Srinivagilu Junction,Ashok Nagar,1.84,0.109,0.11009174311926606,0.21951219512195122,9.0,15.91,WRONG PARKING
8961892731bffff,12.90440491078346,77.67643354735277,Tulasi Layout,Bellandur,1.84,0.21,0.22935779816513763,0.43902439024390244,18.0,24.69,NO PARKING
89618924acbffff,12.914381546759694,77.58571001144226,Marenahalli,J.P. Nagar,1.84,0.51,0.5871559633027523,1.0975609756097562,45.0,36.81,WRONG PARKING
8960145a21bffff,12.964735354290436,77.55105996979596,Sri Kodanda Rama Swamy Circle,Magadi Road,1.84,0.832,0.9724770642201835,1.8048780487804879,74.0,44.8,NO PARKING
89618924c5bffff,12.882272777527701,77.59600006109679,Vijay Shree Layout,J.P. Nagar,1.84,0.431,0.4954128440366973,0.926829268292683,38.0,35.68,WRONG PARKING
896014583c3ffff,13.008678975658661,77.5066854492692,M Ramaiah Layout,Peenya,1.83,0.131,0.13761467889908258,0.2682926829268293,11.0,20.26,NO PARKING
8960145b587ffff,12.962534042462677,77.57027315089455,Church Circle,Chamarajpet,1.83,0.131,0.13761467889908258,0.2682926829268293,11.0,20.27,WRONG PARKING
89601459453ffff,13.03627926779997,77.56849914857037,Padmasri CK Venkata Ramaiah Road,Sadashivanagar,1.82,0.152,0.1651376146788991,0.3170731707317073,13.0,22.88,NO PARKING
8960145b517ffff,12.967883527584744,77.5685578119315,Akkimakalamna Gudi,Chamarajpet,1.8,0.422,0.5045871559633027,0.926829268292683,38.0,34.93,NO PARKING
89618924463ffff,12.881012896863048,77.64352159614747,HAL Layout,Hulimavu,1.8,0.279,0.3302752293577982,0.6097560975609756,25.0,27.86,WRONG PARKING
89618924b63ffff,12.911300172600205,77.55137190265266,Komarla Brigade Residency,K.S. Layout,1.79,0.343,0.41284403669724773,0.7560975609756098,31.0,36.17,PARKING IN A MAIN ROAD
8961892191bffff,12.986539919543102,77.73267302266494,Harman Campus,Whitefield,1.79,0.45,0.5504587155963303,1.0,41.0,34.43,NO PARKING
89618925837ffff,12.937870285299905,77.5933248784957,NIMHANS,Wilson Garden,1.79,0.471,0.5779816513761468,1.048780487804878,43.0,39.52,NO PARKING
8960145b24fffff,13.025557030965164,77.58035511016185,Ashwath Nagar,Kodigehalli,1.78,0.577,0.7155963302752294,1.2926829268292683,53.0,37.86,WRONG PARKING
89618925b3bffff,12.957155574499396,77.58041114722704,NKP Layout,City Market,1.78,0.853,1.073394495412844,1.9268292682926829,79.0,45.01,WRONG PARKING
8961892e473ffff,12.983430030079168,77.70670410689156,Sumadhura Vasantham,Mahadevapura,1.78,0.094,0.10091743119266056,0.1951219512195122,8.0,14.77,WRONG PARKING
89601459527ffff,13.022503035012196,77.52916511821502,Kanteerava Studio Circle,Yeshwanthpura,1.78,0.137,0.1559633027522936,0.2926829268292683,12.0,20.76,WRONG PARKING
89618925c7bffff,12.934573339904032,77.61794373649865,KHB Colony,Adugodi,1.77,0.541,0.6788990825688074,1.2195121951219512,50.0,38.16,NO PARKING
8960145a23bffff,12.964762871108562,77.5426398599524,Ramesh Babu Circle,Vijayanagara,1.76,0.61,0.7798165137614679,1.3902439024390243,57.0,37.69,NO PARKING
8961892594bffff,12.944309094529332,77.5862124683026,Ashoka Stambh Circle,Wilson Garden,1.75,0.27,0.3394495412844037,0.6097560975609756,25.0,29.3,NO PARKING
8961892e9cfffff,12.988026659309769,77.61764309755067,Meanee Avenue Layout,Pulikeshinagar(F.Town),1.75,0.489,0.6330275229357798,1.1219512195121952,46.0,36.79,NO PARKING
8961892e92bffff,12.989142297286046,77.60381709218987,Sulthangunta,Shivajinagar,1.75,0.425,0.5504587155963303,0.975609756097561,40.0,33.07,NO PARKING
896014514dbffff,12.875001059033211,77.5411461178543,Hosahalli South Taluka,Thalagattapura,1.74,0.185,0.22935779816513763,0.4146341463414634,17.0,24.8,NO PARKING
8960145b577ffff,12.975378061684143,77.5644718628851,Magadi Road Area,Magadi Road,1.74,0.164,0.2018348623853211,0.36585365853658536,15.0,23.48,WRONG PARKING
896189244c7ffff,12.872418624618259,77.65300742844111,Channakeshava Nagar,Electronic City,1.74,0.164,0.2018348623853211,0.36585365853658536,15.0,21.12,WRONG PARKING
8961892eb93ffff,12.998699803753027,77.62263974140777,Cox Town,Pulikeshinagar(F.Town),1.74,0.164,0.2018348623853211,0.36585365853658536,15.0,19.96,NO PARKING
8960145b053ffff,12.998838166048008,77.58050863110947,Kempanna Block,Sheshadripuram,1.73,0.607,0.8073394495412844,1.4146341463414633,58.0,39.08,NO PARKING
89618925963ffff,12.94113451593992,77.57713424231675,Amugam Circle,Basavanagudi,1.72,0.1,0.11926605504587157,0.21951219512195122,9.0,16.9,NO PARKING
8961892c923ffff,13.03839867660166,77.57455239721563,Amar Jyothi Layout,Kodigehalli,1.71,0.352,0.47706422018348627,0.8292682926829268,34.0,33.92,WRONG PARKING
8960145b487ffff,12.969943958091246,77.59145708252018,Siddalingaiah Circle,Halasuru Gate,1.7,0.31,0.42201834862385323,0.7317073170731707,30.0,30.07,NO PARKING
8961892cb67ffff,13.067235158203069,77.58045260804793,Sri Ammembal Subbarao Pai Nagara,Kodigehalli,1.7,0.149,0.1926605504587156,0.34146341463414637,14.0,20.52,WRONG PARKING
8961892e47bffff,12.986636178476815,77.70736184200719,ESI Road Junction,Mahadevapura,1.69,0.128,0.1651376146788991,0.2926829268292683,12.0,23.78,WRONG PARKING
8960145b673ffff,13.006278770411681,77.59327170418112,Munireddypalya,R.T. Nagar,1.68,0.483,0.6880733944954128,1.170731707317073,48.0,39.13,NO PARKING
8960145b50fffff,12.973232853902063,77.56684244653037,Railway Quarters,Magadi Road,1.67,0.273,0.3853211009174312,0.6585365853658537,27.0,29.68,NO PARKING
896189240c3ffff,12.888514741648658,77.63943518039474,Gangotri SLV Meadows,Hulimavu,1.65,0.577,0.8623853211009175,1.4390243902439024,59.0,41.97,WRONG PARKING
8961892e927ffff,12.98487901359827,77.60013394737257,Balappa Garden,Shivajinagar,1.65,0.528,0.7889908256880734,1.3170731707317074,54.0,43.16,WRONG PARKING
8960145844bffff,12.98935914312988,77.53643321778709,Havanur Circle,Vijayanagara,1.64,1.314,2.0275229357798166,3.341463414634146,137.0,54.01,WRONG PARKING
89618925b0fffff,12.958213996335056,77.58343737890576,Ryders Junction,City Market,1.64,0.54,0.8256880733944955,1.3658536585365855,56.0,41.69,WRONG PARKING
8961892440bffff,12.876715931417216,77.64826445230146,Singasandra Industrial Estate,Hulimavu,1.64,1.044,1.614678899082569,2.658536585365854,109.0,47.12,WRONG PARKING
89601458c53ffff,12.98418877289989,77.47922950181443,Byadrahalli,Kamakshipalya,1.64,0.188,0.27522935779816515,0.4634146341463415,19.0,27.48,WRONG PARKING
8961892528fffff,12.95791023212782,77.66771114053958,HAL Circle,HAL Old Airport,1.64,1.071,1.6605504587155964,2.731707317073171,112.0,45.28,WRONG PARKING
89601459597ffff,13.01284329026563,77.54404195666042,Ashoka Heights,Rajajinagar,1.61,0.091,0.12844036697247707,0.21951219512195122,9.0,18.83,WRONG PARKING
89618925843ffff,12.94851177369143,77.60674344193173,Pothlappa Garden,Adugodi,1.61,0.091,0.12844036697247707,0.21951219512195122,9.0,16.01,NO PARKING
89618927357ffff,12.907610691803411,77.67709057681017,Oceanus Monarda,Bellandur,1.61,0.118,0.1743119266055046,0.2926829268292683,12.0,20.69,WRONG PARKING
896014581cfffff,12.988401646848951,77.49973691766836,Hanumantharayan Palya,Kamakshipalya,1.61,0.734,1.1926605504587156,1.9268292682926829,79.0,43.98,NO PARKING
