veh_frac,vio_cov
4.3123894950191905e-06,0.00018428856238167837
0.000500237181422226,0.008805642580710014
0.000996161973349433,0.014970932667660707
0.0014920867652766397,0.02016787012682404
0.0019880115572038465,0.024741577175023875
0.0024839363491310535,0.02889979728258138
0.0029798611410582604,0.03275310358692556
0.0034757859329854674,0.036288093283519576
0.003971710724912674,0.03975606895742934
0.004467635516839881,0.04287222101224681
0.004963560308767088,0.04595486605572216
0.005459485100694295,0.04883646903114477
0.005955409892621502,0.051533783444185695
0.006451334684548708,0.05423109785722662
0.006947259476475915,0.056928412270267556
0.007443184268403122,0.05953525775268475
0.007939109060330329,0.06184724153529126
0.008435033852257535,0.06415922531789776
0.008930958644184743,0.06647120910050427
0.009426883436111949,0.06878319288311079
0.009922808228039157,0.0710951766657173
0.010418733019966363,0.07319271557573422
0.010914657811893571,0.07511936872790631
0.011410582603820777,0.0770460218800784
0.011906507395747983,0.0789726750322505
0.012402432187675191,0.0808993281844226
0.012898356979602397,0.08282598133659468
0.013394281771529605,0.08475263448876677
0.013890206563456811,0.08667928764093887
0.014386131355384019,0.08860594079311096
0.014882056147311225,0.09053259394528305
0.015377980939238431,0.09220124311012079
0.01587390573116564,0.09374256563185847
0.016369830523092845,0.09528388815359615
0.01686575531502005,0.09682521067533381
0.01736168010694726,0.09836653319707149
0.017857604898874467,0.09990785571880915
0.018353529690801673,0.10144917824054683
0.01884945448272888,0.10299050076228451
0.019345379274656085,0.10453182328402218
0.019841304066583295,0.10607314580575986
0.0203372288585105,0.10761446832749753
0.020833153650437707,0.1091557908492352
0.021329078442364913,0.11069711337097288
0.021825003234292123,0.11223843589271056
0.02232092802621933,0.11377975841444822
0.022816852818146535,0.1153210809361859
0.02331277761007374,0.11686240345792356
0.023808702402000947,0.11840372597966124
0.024304627193928157,0.11994504850139892
0.024800551985855363,0.12148637102313659
0.02529647677778257,0.12302434284374006
0.025792401569709775,0.12418033473504331
0.02628832636163698,0.12533632662634656
0.02678425115356419,0.1264923185176498
0.027280175945491397,0.12764831040895308
0.027776100737418603,0.12880430230025633
0.02827202552934581,0.12996029419155958
0.02876795032127302,0.13111628608286283
0.029263875113200225,0.1322722779741661
0.02975979990512743,0.13342826986546935
0.030255724697054637,0.1345842617567726
0.030751649488981844,0.13574025364807585
0.031247574280909053,0.13689624553937912
0.03174349907283626,0.13805223743068237
0.032239423864763465,0.13920822932198562
0.03273534865669067,0.14036422121328887
0.03323127344861788,0.14152021310459215
0.033727198240545084,0.1426762049958954
0.03422312303247229,0.14383219688719864
0.0347190478243995,0.1449881887785019
0.03521497261632671,0.14614418066980517
0.035710897408253915,0.14730017256110842
0.03620682220018112,0.14845616445241167
0.03670274699210833,0.1496121563437149
0.037198671784035534,0.1507681482350182
0.03769459657596274,0.15192414012632144
0.038190521367889946,0.1530801320176247
0.03868644615981715,0.15423612390892794
0.039182370951744365,0.1553921158002312
0.03967829574367157,0.15654810769153446
0.04017422053559878,0.1577040995828377
0.04067014532752598,0.15886009147414096
0.04116607011945319,0.1600160833654442
0.041661994911380396,0.16117207525674748
0.0421579197033076,0.16232806714805073
0.04265384449523481,0.16348405903935398
0.043149769287162014,0.16464005093065723
0.04364569407908922,0.1657960428219605
0.04414161887101643,0.16695203471326375
0.04463754366294364,0.168108026604567
0.045133468454870845,0.16926401849587025
0.04562939324679805,0.17042001038717353
0.04612531803872526,0.17157600227847677
0.046621242830652464,0.17273199416978002
0.04711716762257967,0.17388798606108327
0.047613092414506876,0.17504397795238655
0.04810901720643408,0.1761999698436898
0.048604941998361295,0.17735596173499305
0.0491008667902885,0.1785119536262963
0.04959679158221571,0.17966794551759957
0.050092716374142914,0.18082393740890282
0.05058864116607012,0.18197992930020607
0.051084565957997326,0.18313592119150932
0.05158049074992453,0.18392668665918344
0.05207641554185174,0.18469734792005227
0.052572340333778944,0.1854680091809211
0.05306826512570616,0.18623867044178993
0.05356418991763336,0.1870093317026588
0.05406011470956057,0.18777999296352763
0.054556039501487776,0.18855065422439646
0.05505196429341498,0.1893213154852653
0.05554788908534219,0.19009197674613412
0.056043813877269394,0.19086263800700295
0.0565397386691966,0.19163329926787182
0.057035663461123806,0.19240396052874065
0.05753158825305101,0.19317462178960948
0.058027513044978225,0.1939452830504783
0.05852343783690543,0.19471594431134714
0.05901936262883264,0.19548660557221598
0.059515287420759844,0.1962572668330848
0.06001121221268705,0.19702792809395367
0.060507137004614256,0.1977985893548225
0.06100306179654146,0.19856925061569133
0.06149898658846867,0.19933991187656017
0.061994911380395874,0.200110573137429
0.06249083617232309,0.20088123439829783
0.0629867609642503,0.2016518956591667
0.06348268575617749,0.20242255692003552
0.0639786105481047,0.20319321818090436
0.0644745353400319,0.2039638794417732
0.06497046013195912,0.20473454070264202
0.06546638492388633,0.20550520196351085
0.06596230971581353,0.2062758632243797
0.06645823450774074,0.20704652448524855
0.06695415929966794,0.20781718574611738
0.06745008409159516,0.2085878470069862
0.06794600888352235,0.20935850826785504
0.06844193367544957,0.21012916952872387
0.06893785846737677,0.21089983078959273
0.06943378325930398,0.21167049205046157
0.06992970805123119,0.2124411533113304
0.07042563284315839,0.21321181457219923
0.0709215576350856,0.21398247583306806
0.0714174824270128,0.2147531370939369
0.07191340721894002,0.21552379835480576
0.07240933201086722,0.2162944596156746
0.07290525680279443,0.21706512087654342
0.07340118159472163,0.21783578213741225
0.07389710638664884,0.2186064433982811
0.07439303117857606,0.21937710465914992
0.07488895597050325,0.22014776592001875
0.07538488076243047,0.2209184271808876
0.07588080555435767,0.22168908844175644
0.07637673034628488,0.22245974970262528
0.07687265513821208,0.2232304109634941
0.07736857993013929,0.22400107222436294
0.07786450472206649,0.22477173348523177
0.0783604295139937,0.22554239474610063
0.07885635430592092,0.22631305600696947
0.07935227909784812,0.2270837172678383
0.07984820388977533,0.22785437852870713
0.08034412868170253,0.22862503978957596
0.08084005347362974,0.2293957010504448
0.08133597826555694,0.23016636231131365
0.08183190305748415,0.2309370235721825
0.08232782784941135,0.23170768483305132
0.08282375264133857,0.23247834609392015
0.08331967743326578,0.23324900735478898
0.08381560222519298,0.23401966861565782
0.08431152701712019,0.23479032987652668
0.08480745180904739,0.2355609911373955
0.0853033766009746,0.23633165239826434
0.0857993013929018,0.23710231365913317
0.08629522618482902,0.237872974920002
0.08679115097675622,0.23864363618087084
0.08728707576868343,0.23941429744173967
0.08778300056061064,0.24018495870260853
0.08827892535253784,0.24095561996347736
0.08877485014446505,0.2417262812243462
0.08927077493639225,0.24249694248521503
0.08976669972831947,0.24326760374608386
0.09026262452024666,0.2440382650069527
0.09075854931217388,0.24480892626782155
0.09125447410410108,0.24557958752869039
0.09175039889602829,0.24635024878955922
0.09224632368795549,0.24712091005042805
0.0927422484798827,0.24789157131129688
0.09323817327180992,0.24866223257216571
0.09373409806373711,0.24943289383303457
0.09423002285566433,0.2502035550939034
0.09472594764759153,0.25097421635477224
0.09522187243951874,0.25174487761564107
0.09571779723144594,0.2525155388765099
0.09621372202337315,0.25328620013737874
0.09670964681530035,0.25405686139824757
0.09720557160722756,0.2548275226591164
0.09770149639915478,0.25559818391998523
0.09819742119108198,0.2563688451808541
0.09869334598300919,0.25713950644172295
0.09918927077493639,0.2579101677025918
0.0996851955668636,0.2586808289634606
0.1001811203587908,0.25945149022432945
0.10067704515071801,0.2602221514851983
0.10117296994264521,0.2609928127460671
0.10166889473457243,0.26176347400693595
0.10216481952649964,0.2625341352678048
0.10266074431842684,0.2633047965286736
0.10315666911035405,0.26407545778954244
0.10365259390228125,0.2648461190504113
0.10414851869420846,0.2656167803112801
0.10464444348613566,0.266387441572149
0.10514036827806288,0.26715810283301783
0.10563629306999008,0.26792876409388666
0.10613221786191729,0.2686994253547555
0.1066281426538445,0.2694700866156243
0.1071240674457717,0.27024074787649316
0.10761999223769891,0.271011409137362
0.10811591702962611,0.2717820703982308
0.10861184182155333,0.27255273165909966
0.10910776661348053,0.2733233929199685
0.10960369140540774,0.2740940541808373
0.11009961619733494,0.27486471544170615
0.11059554098926215,0.27563537670257504
0.11109146578118936,0.2764060379634439
0.11158739057311656,0.2771766992243127
0.11208331536504378,0.27794736048518154
0.11257924015697097,0.27871802174605037
0.11307516494889819,0.2794886830069192
0.11357108974082539,0.28025934426778804
0.1140670145327526,0.28103000552865687
0.1145629393246798,0.2818006667895257
0.11505886411660701,0.28257132805039453
0.11555478890853423,0.28334198931126336
0.11605071370046142,0.2841126505721322
0.11654663849238864,0.28488331183300103
0.11704256328431584,0.2856539730938699
0.11753848807624305,0.28642463435473875
0.11803441286817025,0.2871952956156076
0.11853033766009746,0.2879659568764764
0.11902626245202466,0.28873661813734525
0.11952218724395187,0.2895072793982141
0.12001811203587907,0.2902779406590829
0.12051403682780629,0.29104860191995174
0.1210099616197335,0.2918192631808206
0.1215058864116607,0.2925899244416894
0.12200181120358791,0.29336058570255824
0.12249773599551511,0.2941312469634271
0.12299366078744232,0.29490190822429596
0.12348958557936952,0.2956725694851648
0.12398551037129674,0.2964432307460336
0.12448143516322394,0.29721389200690246
0.12497735995515115,0.2979845532677713
0.12547328474707836,0.2987552145286401
0.12596920953900556,0.29952587578950896
0.12646513433093276,0.3002965370503778
0.12696105912286,0.3010671983112466
0.1274569839147872,0.30183785957211545
0.12795290870671439,0.3026085208329843
0.12844883349864158,0.3033791820938531
0.1289447582905688,0.30414984335472195
0.129440683082496,0.30492050461559084
0.1299366078744232,0.30569116587645967
0.13043253266635044,0.3064618271373285
0.13092845745827764,0.30723248839819733
0.13142438225020484,0.30800314965906617
0.13192030704213203,0.308773810919935
0.13241623183405926,0.30954447218080383
0.13291215662598646,0.31031513344167266
0.13340808141791366,0.3110857947025415
0.13390400620984086,0.31185645596341033
0.13439993100176809,0.31262711722427916
0.13489585579369529,0.313397778485148
0.13539178058562248,0.3141684397460169
0.1358877053775497,0.3149391010068857
0.1363836301694769,0.31570976226775455
0.1368795549614041,0.3164804235286234
0.1373754797533313,0.3172510847894922
0.13787140454525854,0.31802174605036104
0.13836732933718573,0.3187924073112299
0.13886325412911293,0.3195630685720987
0.13935917892104016,0.32033372983296754
0.13985510371296736,0.32110439109383637
0.14035102850489456,0.3218750523547052
0.14084695329682176,0.32264571361557404
0.14134287808874899,0.32341637487644287
0.14183880288067618,0.32418703613731176
0.14233472767260338,0.3249576973981806
0.14283065246453058,0.3257283586590494
0.1433265772564578,0.32649901991991825
0.143822502048385,0.3272696811807871
0.1443184268403122,0.3280403424416559
0.14481435163223944,0.32881100370252475
0.14531027642416663,0.3295816649633936
0.14580620121609383,0.3303523262242624
0.14630212600802103,0.33112298748513125
0.14679805079994826,0.3318936487460001
0.14729397559187546,0.3326643100068689
0.14778990038380266,0.3334349712677378
0.14828582517572989,0.33420563252860663
0.14878174996765708,0.33497629378947547
0.14927767475958428,0.3357469550503443
0.14977359955151148,0.33651761631121313
0.1502695243434387,0.33728827757208196
0.1507654491353659,0.3380589388329508
0.1512613739272931,0.3388296000938196
0.1517572987192203,0.33960026135468846
0.15225322351114753,0.3403709226155573
0.15274914830307473,0.3411415838764261
0.15324507309500193,0.34191224513729496
0.15374099788692916,0.3424617601233058
0.15423692267885636,0.3428470907537402
0.15473284747078356,0.34323242138417465
0.15522877226271076,0.34361775201460903
0.15572469705463798,0.3440030826450435
0.15622062184656518,0.34438841327547787
0.15671654663849238,0.3447737439059123
0.1572124714304196,0.34515907453634675
0.1577083962223468,0.34554440516678114
0.158204321014274,0.3459297357972156
0.1587002458062012,0.34631506642765
0.15919617059812843,0.3467003970580844
0.15969209539005563,0.3470857276885188
0.16018802018198283,0.34747105831895325
0.16068394497391003,0.34785638894938764
0.16117986976583726,0.3482417195798221
0.16167579455776446,0.3486270502102565
0.16217171934969166,0.3490123808406909
0.16266764414161888,0.34939771147112536
0.16316356893354608,0.34978304210155975
0.16365949372547328,0.3501683727319942
0.16415541851740048,0.3505537033624286
0.1646513433093277,0.350939033992863
0.1651472681012549,0.3513243646232974
0.1656431928931821,0.35170969525373186
0.1661391176851093,0.35209502588416625
0.16663504247703653,0.3524803565146007
0.16713096726896373,0.3528656871450351
0.16762689206089093,0.3532510177754695
0.16812281685281816,0.3536363484059039
0.16861874164474536,0.35402167903633835
0.16911466643667256,0.3544070096667728
0.16961059122859976,0.3547923402972072
0.17010651602052698,0.35517767092764163
0.17060244081245418,0.355563001558076
0.17109836560438138,0.35594833218851046
0.1715942903963086,0.35633366281894485
0.1720902151882358,0.3567189934493793
0.172586139980163,0.3571043240798137
0.1730820647720902,0.35748965471024813
0.17357798956401743,0.3578749853406825
0.17407391435594463,0.35826031597111696
0.17456983914787183,0.35864564660155135
0.17506576393979903,0.3590309772319858
0.17556168873172626,0.35941630786242024
0.17605761352365346,0.3598016384928546
0.17655353831558065,0.36018696912328907
0.17704946310750788,0.36057229975372346
0.17754538789943508,0.3609576303841579
0.17804131269136228,0.3613429610145923
0.17853723748328948,0.36172829164502673
0.1790331622752167,0.3621136222754611
0.1795290870671439,0.36249895290589557
0.1800250118590711,0.36288428353632995
0.18052093665099833,0.3632696141667644
0.18101686144292553,0.3636549447971988
0.18151278623485273,0.36404027542763323
0.18200871102677993,0.3644256060580677
0.18250463581870716,0.36481093668850206
0.18300056061063436,0.3651962673189365
0.18349648540256155,0.3655815979493709
0.18399241019448875,0.36596692857980534
0.18448833498641598,0.36635225921023973
0.18498425977834318,0.36673758984067417
0.18548018457027038,0.36712292047110856
0.1859761093621976,0.367508251101543
0.1864720341541248,0.3678935817319774
0.186967958946052,0.36827891236241184
0.1874638837379792,0.3686642429928463
0.18795980852990643,0.36904957362328067
0.18845573332183363,0.3694349042537151
0.18895165811376083,0.3698202348841495
0.18944758290568806,0.37020556551458395
0.18994350769761525,0.37059089614501833
0.19043943248954245,0.3709762267754528
0.19093535728146965,0.37136155740588717
0.19143128207339688,0.3717468880363216
0.19192720686532408,0.372132218666756
0.19242313165725128,0.37251754929719044
0.19291905644917848,0.37290287992762483
0.1934149812411057,0.3732882105580593
0.1939109060330329,0.3736735411884937
0.1944068308249601,0.3740588718189281
0.19490275561688733,0.37444420244936255
0.19539868040881453,0.37482953307979694
0.19589460520074173,0.3752148637102314
0.19639052999266893,0.37560019434066577
0.19688645478459615,0.3759855249711002
0.19738237957652335,0.3763708556015346
0.19787830436845055,0.37675618623196905
0.19837422916037775,0.37714151686240344
0.19887015395230498,0.3775268474928379
0.19936607874423218,0.37791217812327227
0.19986200353615938,0.3782975087537067
0.2003579283280866,0.37868283938414116
0.2008538531200138,0.37906817001457555
0.201349777911941,0.37945350064501
0.2018457027038682,0.3798388312754444
0.20234162749579543,0.3802241619058788
0.20283755228772263,0.3806094925363132
0.20333347707964983,0.38099482316674765
0.20382940187157705,0.38138015379718204
0.20432532666350425,0.3817654844276165
0.20482125145543145,0.3821508150580509
0.20531717624735865,0.3825361456884853
0.20581310103928588,0.3829214763189197
0.20630902583121308,0.38330680694935415
0.20680495062314028,0.3836921375797886
0.20730087541506748,0.384077468210223
0.2077968002069947,0.3844627988406574
0.2082927249989219,0.3848481294710918
0.2087886497908491,0.38523346010152626
0.20928457458277633,0.38561879073196065
0.20978049937470353,0.3860041213623951
0.21027642416663073,0.3863894519928295
0.21077234895855793,0.3867747826232639
0.21126827375048515,0.3871601132536983
0.21176419854241235,0.38754544388413276
0.21226012333433955,0.3879307745145672
0.21275604812626678,0.3883161051450016
0.21325197291819398,0.38870143577543603
0.21374789771012118,0.3890867664058704
0.21424382250204838,0.38947209703630487
0.2147397472939756,0.38985742766673925
0.2152356720859028,0.3902427582971737
0.21573159687783,0.3906280889276081
0.2162275216697572,0.39101341955804253
0.21672344646168443,0.3913987501884769
0.21721937125361163,0.39178408081891136
0.21771529604553883,0.39216941144934575
0.21821122083746605,0.3925547420797802
0.21870714562939325,0.39294007271021464
0.21920307042132045,0.393325403340649
0.21969899521324765,0.39371073397108347
0.22019492000517488,0.39409606460151786
0.22069084479710208,0.3944813952319523
0.22118676958902928,0.3948667258623867
0.22168269438095647,0.39525205649282114
0.2221786191728837,0.3956373871232555
0.2226745439648109,0.39602271775368997
0.2231704687567381,0.39640804838412436
0.22366639354866533,0.3967933790145588
0.22416231834059253,0.3971787096449932
0.22465824313251972,0.39756404027542763
0.22515416792444692,0.3979493709058621
0.22565009271637415,0.39833470153629646
0.22614601750830135,0.3987200321667309
0.22664194230022855,0.3991053627971653
0.22713786709215578,0.39949069342759974
0.22763379188408298,0.39987602405803413
0.22812971667601017,0.4002613546884686
0.22862564146793737,0.40064668531890296
0.2291215662598646,0.4010320159493374
0.2296174910517918,0.4014173465797718
0.230113415843719,0.40180267721020624
0.2306093406356462,0.4021880078406406
0.23110526542757343,0.40257333847107507
0.23160119021950062,0.4029586691015095
0.23209711501142782,0.4033439997319439
0.23259303980335505,0.40372933036237835
0.23308896459528225,0.40411466099281274
0.23358488938720945,0.4044999916232472
0.23408081417913665,0.40488532225368157
0.23457673897106388,0.405270652884116
0.23507266376299107,0.4056559835145504
0.23556858855491827,0.40604131414498484
0.2360645133468455,0.40642664477541923
0.2365604381387727,0.4068119754058537
0.2370563629306999,0.4071973060362881
0.2375522877226271,0.4075826366667225
0.23804821251455432,0.40796796729715695
0.23854413730648152,0.40835329792759134
0.23904006209840872,0.4087386285580258
0.23953598689033592,0.4091239591884602
0.24003191168226315,0.4095092898188946
0.24052783647419035,0.409894620449329
0.24102376126611755,0.41027995107976345
0.24151968605804477,0.41066528171019784
0.24201561084997197,0.4110506123406323
0.24251153564189917,0.41143594297106667
0.24300746043382637,0.4118212736015011
0.2435033852257536,0.41220660423193556
0.2439993100176808,0.41259193486236995
0.244495234809608,0.4129772654928044
0.24499115960153522,0.4133625961232388
0.24548708439346242,0.4137479267536732
0.24598300918538962,0.4141332573841076
0.24647893397731682,0.41451858801454206
0.24697485876924405,0.41490391864497644
0.24747078356117125,0.4152892492754109
0.24796670835309845,0.4156745799058453
0.24846263314502565,0.4160599105362797
0.24895855793695287,0.4164452411667141
0.24945448272888007,0.41683057179714855
0.24995040752080727,0.417215902427583
0.2504463323127345,0.4176012330580174
0.25094225710466167,0.41798656368845183
0.2514381818965889,0.4183718943188862
0.2519341066885161,0.41875722494932066
0.2524300314804433,0.41914255557975505
0.2529259562723705,0.4195278862101895
0.25342188106429775,0.4199132168406239
0.2539178058562249,0.4202985474710583
0.25441373064815215,0.4206838781014927
0.2549096554400794,0.42106920873192716
0.25540558023200655,0.42145453936236155
0.2559015050239338,0.421839869992796
0.25639742981586094,0.42222520062323043
0.25689335460778817,0.4226105312536648
0.2573892793997154,0.42299586188409927
0.25788520419164257,0.42338119251453366
0.2583811289835698,0.4237665231449681
0.258877053775497,0.4241518537754025
0.2593729785674242,0.42453718440583693
0.2598689033593514,0.4249225150362713
0.26036482815127865,0.42530784566670576
0.2608607529432058,0.42569317629714015
0.26135667773513305,0.4260785069275746
0.2618526025270602,0.42646383755800904
0.26234852731898745,0.42684916818844343
0.2628444521109147,0.4272344988188779
0.26334037690284184,0.42761982944931226
0.26383630169476907,0.4280051600797467
0.2643322264866963,0.4283904907101811
0.26482815127862347,0.42877582134061554
0.2653240760705507,0.4291611519710499
0.2658200008624779,0.42954648260148437
0.2663159256544051,0.42993181323191876
0.2668118504463323,0.4303171438623532
0.2673077752382595,0.4307024744927876
0.2678037000301867,0.43108780512322203
0.26829962482211395,0.4314731357536565
0.2687955496140411,0.43185846638409087
0.26929147440596835,0.4322437970145253
0.26978739919789557,0.4326291276449597
0.27028332398982274,0.43301445827539414
0.27077924878174997,0.43339978890582853
0.2712751735736772,0.433785119536263
0.27177109836560437,0.43417045016669736
0.2722670231575316,0.4345557807971318
0.2727629479494588,0.4349411114275662
0.273258872741386,0.43532644205800064
0.2737547975333132,0.43571177268843503
0.2742507223252404,0.4360971033188695
0.2747466471171676,0.4364824339493039
0.27524257190909485,0.4368677645797383
0.275738496701022,0.43725309521017275
0.27623442149294924,0.43763842584060714
0.27673034628487647,0.4380237564710416
0.27722627107680364,0.43840908710147597
0.27772219586873087,0.4387944177319104
0.2782181206606581,0.4391797483623448
0.27871404545258527,0.43956507899277925
0.2792099702445125,0.43995040962321363
0.27970589503643967,0.4403357402536481
0.2802018198283669,0.4407210708840825
0.2806977446202941,0.4411064015145169
0.2811936694122213,0.44149173214495135
0.2816895942041485,0.44187706277538574
0.28218551899607575,0.4422623934058202
0.2826814437880029,0.4426477240362546
0.28317736857993014,0.443033054666689
0.28367329337185737,0.4434183852971234
0.28416921816378454,0.44380371592755785
0.28466514295571177,0.44418904655799224
0.28516106774763894,0.4445743771884267
0.28565699253956617,0.44495970781886107
0.2861529173314934,0.4453450384492955
0.28664884212342057,0.44573036907972996
0.2871447669153478,0.44611569971016435
0.287640691707275,0.4465010303405988
0.2881366164992022,0.4468863609710332
0.2886325412911294,0.4472716916014676
0.28912846608305665,0.447657022231902
0.2896243908749838,0.44804235286233646
0.29012031566691104,0.44842768349277085
0.2906162404588382,0.4488130141232053
0.29111216525076544,0.4491983447536397
0.29160809004269267,0.4495836753840741
0.29210401483461984,0.4499690060145085
0.29259993962654707,0.45035433664494295
0.2930958644184743,0.4507396672753774
0.29359178921040147,0.4511249979058118
0.2940877140023287,0.45151032853624623
0.2945836387942559,0.4518956591666806
0.2950795635861831,0.45228098979711506
0.2955754883781103,0.45266632042754945
0.29607141317003755,0.4530516510579839
0.2965673379619647,0.4534369816884183
0.29706326275389194,0.4538223123188527
0.2975591875458191,0.4542076429492871
0.29805511233774634,0.45459297357972156
0.29855103712967357,0.45497830421015595
0.29904696192160074,0.4553636348405904
0.29954288671352797,0.45574896547102484
0.3000388115054552,0.4561342961014592
0.30053473629738237,0.45651962673189367
0.3010306610893096,0.45690495736232806
0.3015265858812368,0.4572902879927625
0.302022510673164,0.4576756186231969
0.3025184354650912,0.45806094925363133
0.3030143602570184,0.4584462798840657
0.3035102850489456,0.45883161051450017
0.30400620984087284,0.45921694114493455
0.3045021346328,0.459602271775369
0.30499805942472724,0.45998760240580344
0.30549398421665447,0.46037293303623783
0.30598990900858164,0.4607582636666723
0.30648583380050887,0.46114359429710666
0.3069817585924361,0.4615289249275411
0.30747768338436327,0.4619142555579755
0.3079736081762905,0.46229958618840994
0.30846953296821766,0.4626849168188443
0.3089654577601449,0.46307024744927877
0.3094613825520721,0.46345557807971316
0.3099573073439993,0.4638409087101476
0.3104532321359265,0.464226239340582
0.31094915692785374,0.46461156997101644
0.3114450817197809,0.4649969006014509
0.31194100651170814,0.46538223123188527
0.31243693130363537,0.4657675618623197
0.31293285609556254,0.4661528924927541
0.31342878088748977,0.46653822312318854
0.31392470567941694,0.46692355375362293
0.31442063047134416,0.4673088843840574
0.3149165552632714,0.46769421501449177
0.31541248005519856,0.4680795456449262
0.3159084048471258,0.4684648762753606
0.316404329639053,0.46885020690579504
0.3169002544309802,0.46923553753622943
0.3173961792229074,0.4696208681666639
0.31789210401483464,0.4700061987970983
0.3183880288067618,0.4703915294275327
0.31888395359868904,0.47077686005796715
0.31937987839061627,0.47116219068840154
0.31987580318254344,0.471547521318836
0.32037172797447067,0.47193285194927037
0.32086765276639784,0.4723181825797048
0.32136357755832506,0.4727035132101392
0.3218595023502523,0.47308884384057365
0.32235542714217946,0.47347417447100804
0.3228513519341067,0.4738595051014425
0.3233472767260339,0.47424483573187687
0.3238432015179611,0.4746301663623113
0.3243391263098883,0.47501549699274576
0.32483505110181554,0.47540082762318014
0.3253309758937427,0.4757861582536146
0.32582690068566994,0.476171488884049
0.3263228254775971,0.4765568195144834
0.32681875026952434,0.4769421501449178
0.32731467506145157,0.47732748077535225
0.32781059985337874,0.47771281140578664
0.32830652464530596,0.4780981420362211
0.3288024494372332,0.4784834726666555
0.32929837422916036,0.4788688032970899
0.3297942990210876,0.47925413392752436
0.3302902238130148,0.47963946455795875
0.330786148604942,0.4800247951883932
0.3312820733968692,0.4804101258188276
0.3317779981887964,0.480795456449262
0.3322739229807236,0.4811807870796964
0.33276984777265084,0.48156611771013086
0.333265772564578,0.48195144834056525
0.33376169735650524,0.4823367789709997
0.33425762214843247,0.4827221096014341
0.33475354694035964,0.4831074402318685
0.33524947173228686,0.4834927708623029
0.3357453965242141,0.48387810149273736
0.33624132131614126,0.4842634321231718
0.3367372461080685,0.4846487627536062
0.33723317089999566,0.48503409338404063
0.3377290956919229,0.485419424014475
0.3382250204838501,0.48580475464490946
0.3387209452757773,0.48619008527534385
0.3392168700677045,0.4865754159057783
0.33971279485963174,0.4869607465362127
0.3402087196515589,0.48734607716664713
0.34070464444348614,0.4877314077970815
0.34120056923541336,0.48811673842751596
0.34169649402734054,0.48850206905795035
0.34219241881926776,0.4888873996883848
0.342688343611195,0.48927273031881924
0.34318426840312216,0.4896580609492536
0.3436801931950494,0.49004339157968807
0.34417611798697656,0.49042872221012246
0.3446720427789038,0.4908140528405569
0.345167967570831,0.4911993834709913
0.3456638923627582,0.49158471410142573
0.3461598171546854,0.4919700447318601
0.34665574194661264,0.49235537536229457
0.3471516667385398,0.49274070599272896
0.34764759153046704,0.4931260366231634
0.34814351632239426,0.4935113672535978
0.34863944111432144,0.49389669788403223
0.34913536590624866,0.4942820285144667
0.34963129069817583,0.49466735914490106
0.35012721549010306,0.4950526897753355
0.3506231402820303,0.4954380204057699
0.35111906507395746,0.49582335103620434
0.3516149898658847,0.49620868166663873
0.3521109146578119,0.4965940122970732
0.3526068394497391,0.49697934292750756
0.3531027642416663,0.497364673557942
0.35359868903359354,0.4977500041883764
0.3540946138255207,0.49813533481881084
0.35459053861744794,0.4985206654492453
0.3550864634093751,0.49890599607967967
0.35558238820130234,0.4992913267101141
0.35607831299322956,0.4996766573405485
0.35657423778515673,0.5000619879709829
0.35707016257708396,0.5004473186014173
0.3575660873690112,0.5008326492318518
0.35806201216093836,0.5012179798622862
0.3585579369528656,0.5016033104927206
0.3590538617447928,0.501988641123155
0.35954978653672,0.5023739717535894
0.3600457113286472,0.5027593023840239
0.36054163612057444,0.5031446330144582
0.3610375609125016,0.5035299636448927
0.36153348570442884,0.5039152942753271
0.362029410496356,0.5043006249057616
0.36252533528828323,0.504685955536196
0.36302126008021046,0.5050712861666303
0.36351718487213763,0.5054566167970648
0.36401310966406486,0.5058419474274992
0.3645090344559921,0.5062272780579337
0.36500495924791926,0.506612608688368
0.3655008840398465,0.5069979393188024
0.3659968088317737,0.5073832699492369
0.3664927336237009,0.5077686005796713
0.3669886584156281,0.5081539312101058
0.3674845832075553,0.5085392618405401
0.3679805079994825,0.5089245924709745
0.36847643279140974,0.509309923101409
0.3689723575833369,0.5096952537318434
0.36946828237526413,0.5100805843622778
0.36996420716719136,0.5104659149927122
0.37046013195911853,0.5108512456231467
0.37095605675104576,0.5112365762535811
0.371451981542973,0.5116219068840154
0.37194790633490016,0.5120072375144499
0.3724438311268274,0.5123925681448843
0.37293975591875456,0.5127778987753188
0.3734356807106818,0.5131632294057532
0.373931605502609,0.5135485600361875
0.3744275302945362,0.513933890666622
0.3749234550864634,0.5143192212970564
0.37541937987839064,0.5147045519274909
0.3759153046703178,0.5150898825579252
0.37641122946224503,0.5154752131883596
0.37690715425417226,0.5158605438187941
0.37740307904609943,0.5162458744492285
0.37789900383802666,0.5166312050796629
0.37839492862995383,0.5170165357100973
0.37889085342188106,0.5174018663405318
0.3793867782138083,0.5177871969709662
0.37988270300573546,0.5181725276014006
0.3803786277976627,0.518557858231835
0.3808745525895899,0.5189431888622694
0.3813704773815171,0.5193285194927039
0.3818664021734443,0.5197138501231383
0.38236232696537154,0.5200991807535726
0.3828582517572987,0.5204845113840071
0.38335417654922593,0.5208698420144415
0.38385010134115316,0.521255172644876
0.38434602613308033,0.5216405032753103
0.38484195092500756,0.5220258339057448
0.38533787571693473,0.5224111645361792
0.38583380050886196,0.5227964951666136
0.3863297253007892,0.5231818257970481
0.38682565009271636,0.5235671564274824
0.3873215748846436,0.5239524870579169
0.3878174996765708,0.5243378176883513
0.388313424468498,0.5247231483187857
0.3888093492604252,0.5251084789492201
0.38930527405235243,0.5254938095796545
0.3898011988442796,0.525879140210089
0.39029712363620683,0.5262644708405234
0.390793048428134,0.5266498014709577
0.39128897322006123,0.5270351321013922
0.39178489801198846,0.5274204627318266
0.39228082280391563,0.5278057933622611
0.39277674759584286,0.5281911239926955
0.3932726723877701,0.5285764546231299
0.39376859717969726,0.5289617852535643
0.3942645219716245,0.5293471158839987
0.3947604467635517,0.5297324465144332
0.3952563715554789,0.5301177771448675
0.3957522963474061,0.530503107775302
0.3962482211393333,0.5308884384057364
0.3967441459312605,0.5312737690361709
0.39724007072318773,0.5316590996666052
0.3977359955151149,0.5320444302970396
0.39823192030704213,0.5324297609274741
0.39872784509896936,0.5328150915579085
0.39922376989089653,0.533200422188343
0.39971969468282376,0.5335857528187773
0.400215619474751,0.5339710834492117
0.40071154426667815,0.5343564140796462
0.4012074690586054,0.5347417447100806
0.40170339385053255,0.535127075340515
0.4021993186424598,0.5355124059709494
0.402695243434387,0.5358977366013838
0.4031911682263142,0.5362830672318183
0.4036870930182414,0.5366683978622526
0.40418301781016863,0.5370537284926871
0.4046789426020958,0.5374390591231215
0.40517486739402303,0.537824389753556
0.40567079218595026,0.5382097203839904
0.40616671697787743,0.5385950510144247
0.40666264176980466,0.5389803816448592
0.4071585665617319,0.5393657122752936
0.40765449135365905,0.5397510429057281
0.4081504161455863,0.5401363735361624
0.40864634093751345,0.5405217041665968
0.4091422657294407,0.5409070347970313
0.4096381905213679,0.5412923654274657
0.4101341153132951,0.5416776960579002
0.4106300401052223,0.5420630266883345
0.41112596489714953,0.542448357318769
0.4116218896890767,0.5428336879492034
0.41211781448100393,0.5432190185796378
0.41261373927293116,0.5436043492100722
0.41310966406485833,0.5439896798405066
0.41360558885678556,0.5443750104709411
0.4141015136487127,0.5447603411013755
0.41459743844063995,0.5451456717318098
0.4150933632325672,0.5455310023622443
0.41558928802449435,0.5459163329926787
0.4160852128164216,0.5463016636231132
0.4165811376083488,0.5466869942535476
0.417077062400276,0.5470723248839819
0.4175729871922032,0.5474576555144164
0.41806891198413043,0.5478429861448508
0.4185648367760576,0.5482283167752853
0.41906076156798483,0.5486136474057196
0.419556686359912,0.548998978036154
0.42005261115183923,0.5493843086665885
0.42054853594376645,0.5497696392970229
0.4210444607356936,0.5501549699274573
0.42154038552762085,0.5505403005578917
0.4220363103195481,0.5509256311883262
0.42253223511147525,0.5513109618187606
0.4230281599034025,0.551696292449195
0.4235240846953297,0.5520816230796294
0.4240200094872569,0.5524669537100638
0.4245159342791841,0.5528522843404983
0.4250118590711113,0.5532376149709327
0.4255077838630385,0.553622945601367
0.42600370865496573,0.5540082762318015
0.4264996334468929,0.5543936068622359
0.4269955582388201,0.5547789374926704
0.42749148303074735,0.5551642681231047
0.4279874078226745,0.5555495987535392
0.42848333261460175,0.5559349293839736
0.428979257406529,0.556320260014408
0.42947518219845615,0.5567055906448425
0.4299711069903834,0.5570909212752768
0.4304670317823106,0.5574762519057113
0.4309629565742378,0.5578615825361457
0.431458881366165,0.5582469131665801
0.4319548061580922,0.5586322437970145
0.4324507309500194,0.5590175744274489
0.43294665574194663,0.5594029050578834
0.4334425805338738,0.5597882356883178
0.433938505325801,0.5601735663187521
0.43443443011772825,0.5605588969491866
0.4349303549096554,0.560944227579621
0.43542627970158265,0.5613295582100555
0.4359222044935099,0.5617148888404899
0.43641812928543705,0.5621002194709243
0.4369140540773643,0.5624855501013587
0.43740997886929145,0.5628708807317931
0.4379059036612187,0.5632562113622276
0.4384018284531459,0.5636415419926619
0.4388977532450731,0.5640268726230964
0.4393936780370003,0.5644122032535308
0.43988960282892753,0.5647975338839653
0.4403855276208547,0.5651828645143996
0.4408814524127819,0.565568195144834
0.44137737720470915,0.5659535257752685
0.4418733019966363,0.5663388564057029
0.44236922678856355,0.5667241870361374
0.4428651515804907,0.5671095176665717
0.44336107637241795,0.5674948482970061
0.4438570011643452,0.5678801789274406
0.44435292595627235,0.568265509557875
0.4448488507481996,0.5686508401883094
0.4453447755401268,0.5690361708187438
0.445840700332054,0.5694215014491782
0.4463366251239812,0.5698068320796127
0.44683254991590843,0.570192162710047
0.4473284747078356,0.5705774933404815
0.4478243994997628,0.5709628239709159
0.44832032429169,0.5713481546013504
0.4488162490836172,0.5717334852317848
0.44931217387554445,0.5721188158622191
0.4498080986674716,0.5725041464926536
0.45030402345939885,0.572889477123088
0.4507999482513261,0.5732748077535225
0.45129587304325325,0.5736601383839568
0.4517917978351805,0.5740454690143912
0.4522877226271077,0.5744307996448257
0.4527836474190349,0.5748161302752601
0.4532795722109621,0.5752014609056945
0.4537754970028893,0.5755867915361289
0.4542714217948165,0.5759721221665633
0.4547673465867437,0.5763574527969978
0.4552632713786709,0.5767427834274322
0.4557591961705981,0.5771281140578666
0.45625512096252535,0.577513444688301
0.4567510457544525,0.5778987753187355
0.45724697054637975,0.5782841059491699
0.457742895338307,0.5786694365796042
0.45823882013023415,0.5790547672100387
0.4587347449221614,0.5794400978404731
0.4592306697140886,0.5798254284709076
0.4597265945060158,0.580210759101342
0.460222519297943,0.5805960897317763
0.46071844408987017,0.5809814203622108
0.4612143688817974,0.5813667509926452
0.4617102936737246,0.5817520816230797
0.4622062184656518,0.582137412253514
0.462702143257579,0.5825227428839485
0.46319806804950625,0.5829080735143829
0.4636939928414334,0.5832934041448173
0.46418991763336065,0.5836787347752517
0.4646858424252879,0.5840640654056861
0.46518176721721505,0.5844493960361206
0.4656776920091423,0.584834726666555
0.46617361680106945,0.5852200572969894
0.4666695415929967,0.5856053879274238
0.4671654663849239,0.5859907185578582
0.46766139117685107,0.5863760491882927
0.4681573159687783,0.5867613798187271
0.4686532407607055,0.5871467104491614
0.4691491655526327,0.5875320410795959
0.4696450903445599,0.5879173717100303
0.47014101513648715,0.5883027023404648
0.4706369399284143,0.5886880329708991
0.47113286472034155,0.5890733636013336
0.4716287895122688,0.589458694231768
0.47212471430419595,0.5898440248622024
0.4726206390961232,0.5902293554926369
0.47311656388805035,0.5906146861230712
0.4736124886799776,0.5910000167535057
0.4741084134719048,0.5913853473839401
0.47460433826383197,0.5917706780143746
0.4751002630557592,0.5921560086448089
0.4755961878476864,0.5925413392752433
0.4760921126396136,0.5929266699056778
0.4765880374315408,0.5933120005361122
0.47708396222346805,0.5936973311665465
0.4775798870153952,0.594082661796981
0.47807581180732245,0.5944679924274154
0.4785717365992496,0.5948533230578499
0.47906766139117685,0.5952386536882843
0.4795635861831041,0.5956239843187187
0.48005951097503125,0.5960093149491531
0.48055543576695847,0.5963946455795875
0.4810513605588857,0.596779976210022
0.48154728535081287,0.5971653068404563
0.4820432101427401,0.5975506374708908
0.4825391349346673,0.5979359681013252
0.4830350597265945,0.5983212987317597
0.4835309845185217,0.598706629362194
0.4840269093104489,0.5990919599926284
0.4845228341023761,0.5994772906230629
0.48501875889430335,0.5998626212534973
0.4855146836862305,0.6002479518839318
0.48601060847815775,0.6006332825143661
0.486506533270085,0.6010186131448005
0.48700245806201214,0.601403943775235
0.48749838285393937,0.6017892744056694
0.4879943076458666,0.6021746050361038
0.48849023243779377,0.6025599356665382
0.488986157229721,0.6029452662969726
0.48948208202164817,0.6033305969274071
0.4899780068135754,0.6037159275578414
0.4904739316055026,0.6041012581882759
0.4909698563974298,0.6044865888187103
0.491465781189357,0.6048719194491448
0.49196170598128425,0.6052572500795792
0.4924576307732114,0.6056425807100135
0.49295355556513865,0.606027911340448
0.4934494803570659,0.6064132419708824
0.49394540514899304,0.6067985726013169
0.49444132994092027,0.6071839032317512
0.4949372547328475,0.6075692338621856
0.49543317952477467,0.6079545644926201
0.4959291043167019,0.6083398951230545
0.49642502910862907,0.6087252257534889
0.4969209539005563,0.6091105563839233
0.4974168786924835,0.6094958870143578
0.4979128034844107,0.6098812176447922
0.4984087282763379,0.6102665482752266
0.49890465306826515,0.610651878905661
0.4994005778601923,0.6110372095360954
0.49989650265211955,0.6114225401665299
0.5003924274440468,0.6118078707969643
0.5008883522359739,0.6121932014273986
0.5013842770279011,0.6125785320578331
0.5018802018198284,0.6129638626882675
0.5023761266117556,0.613349193318702
0.5028720514036827,0.6137345239491363
0.50336797619561,0.6141198545795707
0.5038639009875372,0.6145051852100052
0.5043598257794644,0.6148905158404396
0.5048557505713916,0.6152758464708741
0.5053516753633188,0.6156611771013084
0.505847600155246,0.6160465077317429
0.5063435249471733,0.6164318383621773
0.5068394497391004,0.6168171689926117
0.5073353745310276,0.6172024996230461
0.5078312993229549,0.6175878302534805
0.5083272241148821,0.617973160883915
0.5088231489068092,0.6183584915143494
0.5093190736987365,0.6187438221447839
0.5098149984906637,0.6191291527752182
0.5103109232825909,0.6195144834056526
0.510806848074518,0.6198998140360871
0.5113027728664453,0.6202851446665215
0.5117986976583725,0.6206704752969558
0.5122946224502997,0.6210558059273903
0.512790547242227,0.6214411365578247
0.5132864720341541,0.6218264671882592
0.5137823968260813,0.6222117978186935
0.5142783216180086,0.622597128449128
0.5147742464099357,0.6229824590795624
0.5152701712018629,0.6233677897099968
0.5157660959937902,0.6237531203404313
0.5162620207857174,0.6241384509708656
0.5167579455776445,0.6245237816013001
0.5172538703695718,0.6249091122317345
0.517749795161499,0.625294442862169
0.5182457199534262,0.6256797734926033
0.5187416447453534,0.6260651041230377
0.5192375695372806,0.6264504347534722
0.5197334943292078,0.6268357653839066
0.5202294191211351,0.627221096014341
0.5207253439130622,0.6276064266447754
0.5212212687049894,0.6279917572752098
0.5217171934969166,0.6283770879056443
0.5222131182888439,0.6287624185360787
0.522709043080771,0.6291477491665131
0.5232049678726982,0.6295330797969475
0.5237008926646255,0.629918410427382
0.5241968174565527,0.6303037410578164
0.5246927422484798,0.6306890716882507
0.5251886670404071,0.6310744023186852
0.5256845918323343,0.6314597329491196
0.5261805166242615,0.6318450635795541
0.5266764414161887,0.6322303942099884
0.5271723662081159,0.6326157248404228
0.5276682910000431,0.6330010554708573
0.5281642157919704,0.6333863861012917
0.5286601405838975,0.6337717167317262
0.5291560653758247,0.6341570473621605
0.529651990167752,0.6345423779925949
0.5301479149596792,0.6349277086230294
0.5306438397516063,0.6353130392534638
0.5311397645435336,0.6356983698838982
0.5316356893354608,0.6360837005143326
0.532131614127388,0.636469031144767
0.5326275389193152,0.6368543617752015
0.5331234637112424,0.6372396924056358
0.5336193885031696,0.6376250230360703
0.5341153132950968,0.6380103536665047
0.534611238087024,0.6383956842969392
0.5351071628789512,0.6387810149273736
0.5356030876708784,0.6391663455578079
0.5360990124628057,0.6395516761882424
0.5365949372547328,0.6399370068186768
0.53709086204666,0.6403223374491113
0.5375867868385873,0.6407076680795456
0.5380827116305145,0.64109299870998
0.5385786364224416,0.6414783293404145
0.5390745612143689,0.6418636599708489
0.5395704860062961,0.6422489906012833
0.5400664107982233,0.6426343212317177
0.5405623355901505,0.6430196518621522
0.5410582603820777,0.6434049824925866
0.5415541851740049,0.643790313123021
0.5420501099659322,0.6441756437534554
0.5425460347578593,0.6445609743838898
0.5430419595497865,0.6449463050143243
0.5435378843417138,0.6453316356447587
0.544033809133641,0.645716966275193
0.5445297339255681,0.6461022969056275
0.5450256587174953,0.6464876275360619
0.5455215835094226,0.6468729581664964
0.5460175083013498,0.6472582887969307
0.5465134330932769,0.6476436194273651
0.5470093578852042,0.6480289500577996
0.5475052826771314,0.648414280688234
0.5480012074690586,0.6487996113186685
0.5484971322609858,0.6491849419491028
0.548993057052913,0.6495702725795373
0.5494889818448402,0.6499556032099717
0.5499849066367675,0.6503409338404061
0.5504808314286946,0.6507262644708405
0.5509767562206218,0.6511115951012749
0.5514726810125491,0.6514969257317094
0.5519686058044763,0.6518822563621438
0.5524645305964034,0.6522675869925783
0.5529604553883307,0.6526529176230126
0.5534563801802579,0.653038248253447
0.5539523049721851,0.6534235788838815
0.5544482297641123,0.6538089095143159
0.5549441545560395,0.6541942401447502
0.5554400793479667,0.6545795707751847
0.555936004139894,0.6549649014056191
0.5564319289318211,0.6553502320360536
0.5569278537237483,0.6557355626664879
0.5574237785156755,0.6561208932969224
0.5579197033076028,0.6565062239273568
0.5584156280995299,0.6568915545577912
0.5589115528914571,0.6572768851882257
0.5594074776833844,0.65766221581866
0.5599034024753116,0.6580475464490945
0.5603993272672387,0.6584328770795289
0.560895252059166,0.6588182077099634
0.5613911768510932,0.6592035383403977
0.5618871016430204,0.6595888689708321
0.5623830264349476,0.6599741996012666
0.5628789512268748,0.660359530231701
0.563374876018802,0.6607448608621354
0.5638708008107293,0.6611301914925698
0.5643667256026564,0.6615155221230042
0.5648626503945836,0.6619008527534387
0.5653585751865109,0.6622861833838731
0.5658544999784381,0.6626715140143075
0.5663504247703652,0.6630568446447419
0.5668463495622925,0.6634421752751763
0.5673422743542197,0.6638275059056108
0.5678381991461469,0.6642128365360451
0.568334123938074,0.6645981671664796
0.5688300487300013,0.664983497796914
0.5693259735219285,0.6653688284273485
0.5698218983138557,0.6657541590577828
0.5703178231057829,0.6661394896882172
0.5708137478977101,0.6665248203186517
0.5713096726896373,0.6669101509490861
0.5718055974815646,0.6672954815795206
0.5723015222734917,0.6676808122099549
0.5727974470654189,0.6680661428403893
0.5732933718573462,0.6684514734708238
0.5737892966492734,0.6688368041012582
0.5742852214412005,0.6692221347316926
0.5747811462331278,0.669607465362127
0.575277071025055,0.6699927959925615
0.5757729958169822,0.6703781266229959
0.5762689206089094,0.6707634572534302
0.5767648454008366,0.6711487878838647
0.5772607701927638,0.6715341185142991
0.5777566949846911,0.6719194491447336
0.5782526197766182,0.672304779775168
0.5787485445685454,0.6726901104056023
0.5792444693604727,0.6730754410360368
0.5797403941523999,0.6734607716664712
0.580236318944327,0.6738461022969057
0.5807322437362542,0.67423143292734
0.5812281685281815,0.6746167635577744
0.5817240933201087,0.6750020941882089
0.5822200181120358,0.6753874248186433
0.5827159429039631,0.6757727554490777
0.5832118676958903,0.6761580860795121
0.5837077924878175,0.6765434167099466
0.5842037172797447,0.676928747340381
0.5846996420716719,0.6773140779708154
0.5851955668635991,0.6776994086012498
0.5856914916555264,0.6780847392316842
0.5861874164474535,0.6784700698621187
0.5866833412393807,0.6788554004925531
0.587179266031308,0.6792407311229874
0.5876751908232352,0.6796260617534219
0.5881711156151623,0.6800113923838563
0.5886670404070896,0.6803967230142908
0.5891629651990168,0.6807820536447251
0.589658889990944,0.6811673842751595
0.5901548147828712,0.681552714905594
0.5906507395747984,0.6819380455360284
0.5911466643667256,0.6823233761664629
0.5916425891586528,0.6827087067968972
0.59213851395058,0.6830940374273317
0.5926344387425072,0.6834793680577661
0.5931303635344344,0.6838646986882005
0.5936262883263617,0.6842500293186349
0.5941222131182888,0.6846353599490693
0.594618137910216,0.6850206905795038
0.5951140627021433,0.6854060212099382
0.5956099874940705,0.6857913518403725
0.5961059122859976,0.686176682470807
0.5966018370779249,0.6865620131012414
0.5970977618698521,0.6869473437316759
0.5975936866617793,0.6873326743621103
0.5980896114537065,0.6877180049925447
0.5985855362456337,0.6881033356229791
0.5990814610375609,0.6884886662534135
0.5995773858294882,0.688873996883848
0.6000733106214153,0.6892593275142823
0.6005692354133425,0.6896446581447168
0.6010651602052698,0.6900299887751512
0.601561084997197,0.6904153194055856
0.6020570097891241,0.6908006500360201
0.6025529345810514,0.6911859806664544
0.6030488593729786,0.6915713112968889
0.6035447841649058,0.6919566419273233
0.6040407089568329,0.6923419725577578
0.6045366337487602,0.6927273031881921
0.6050325585406874,0.6931126338186265
0.6055284833326146,0.693497964449061
0.6060244081245418,0.6938832950794954
0.606520332916469,0.6942686257099298
0.6070162577083962,0.6946539563403642
0.6075121825003235,0.6950392869707986
0.6080081072922506,0.6954246176012331
0.6085040320841778,0.6958099482316675
0.6089999568761051,0.6961952788621019
0.6094958816680323,0.6965806094925363
0.6099918064599594,0.6969659401229708
0.6104877312518867,0.6973512707534052
0.6109836560438139,0.6977366013838395
0.611479580835741,0.698121932014274
0.6119755056276683,0.6985072626447084
0.6124714304195955,0.6988925932751429
0.6129673552115227,0.6992779239055772
0.61346328000345,0.6996632545360116
0.6139592047953771,0.7000485851664461
0.6144551295873043,0.7004339157968805
0.6149510543792316,0.700819246427315
0.6154469791711588,0.7012045770577493
0.6159429039630859,0.7015899076881837
0.6164388287550131,0.7019752383186182
0.6169347535469404,0.7023605689490526
0.6174306783388676,0.702745899579487
0.6179266031307947,0.7031312302099214
0.618422527922722,0.7035165608403559
0.6189184527146492,0.7039018914707903
0.6194143775065764,0.7042872221012246
0.6199103022985036,0.7046725527316591
0.6204062270904308,0.7050578833620935
0.620902151882358,0.705443213992528
0.6213980766742853,0.7058285446229624
0.6218940014662124,0.7062138752533967
0.6223899262581396,0.7065992058838312
0.6228858510500669,0.7069845365142656
0.6233817758419941,0.7073698671447001
0.6238777006339212,0.7077551977751344
0.6243736254258485,0.7081405284055688
0.6248695502177757,0.7085258590360033
0.6253654750097029,0.7089111896664377
0.6258613998016301,0.7092965202968721
0.6263573245935573,0.7096818509273065
0.6268532493854845,0.710067181557741
0.6273491741774117,0.7104525121881754
0.6278450989693389,0.7108378428186098
0.6283410237612661,0.7112231734490442
0.6288369485531933,0.7116085040794786
0.6293328733451206,0.7119938347099131
0.6298287981370477,0.7123791653403475
0.6303247229289749,0.7127644959707818
0.6308206477209022,0.7131498266012163
0.6313165725128294,0.7135351572316507
0.6318124973047565,0.7139204878620852
0.6323084220966838,0.7143058184925195
0.632804346888611,0.714691149122954
0.6333002716805382,0.7150764797533884
0.6337961964724654,0.7154618103838228
0.6342921212643926,0.7158471410142573
0.6347880460563198,0.7162324716446916
0.6352839708482471,0.7166178022751261
0.6357798956401742,0.7170031329055605
0.6362758204321014,0.717388463535995
0.6367717452240287,0.7177737941664293
0.6372676700159559,0.7181591247968637
0.637763594807883,0.7185444554272982
0.6382595195998103,0.7189297860577326
0.6387554443917375,0.719315116688167
0.6392513691836647,0.7197004473186014
0.6397472939755918,0.7200857779490358
0.6402432187675191,0.7204711085794703
0.6407391435594463,0.7208564392099047
0.6412350683513734,0.721241769840339
0.6417309931433007,0.7216271004707735
0.6422269179352279,0.7220124311012079
0.6427228427271551,0.7223977617316424
0.6432187675190824,0.7227830923620767
0.6437146923110095,0.7231684229925112
0.6442106171029367,0.7235537536229456
0.644706541894864,0.72393908425338
0.6452024666867912,0.7243244148838145
0.6456983914787183,0.7247097455142488
0.6461943162706456,0.7250950761446833
0.6466902410625728,0.7254804067751177
0.6471861658545,0.7258657374055522
0.6476820906464272,0.7262510680359865
0.6481780154383544,0.7266363986664209
0.6486739402302816,0.7270217292968554
0.6491698650222089,0.7274070599272898
0.649665789814136,0.7277923905577242
0.6501617146060632,0.7281777211881586
0.6506576393979904,0.728563051818593
0.6511535641899177,0.7289483824490275
0.6516494889818448,0.7293337130794619
0.652145413773772,0.7297190437098963
0.6526413385656993,0.7301043743403307
0.6531372633576265,0.7304897049707652
0.6536331881495536,0.7308750356011996
0.6541291129414809,0.7312603662316339
0.6546250377334081,0.7316456968620684
0.6551209625253352,0.7320310274925028
0.6556168873172625,0.7324163581229373
0.6561128121091897,0.7328016887533716
0.6566087369011169,0.733187019383806
0.6571046616930442,0.7335723500142405
0.6576005864849713,0.7339576806446749
0.6580965112768985,0.7343430112751094
0.6585924360688258,0.7347283419055437
0.659088360860753,0.7351136725359781
0.6595842856526801,0.7354990031664126
0.6600802104446074,0.735884333796847
0.6605761352365346,0.7362696644272814
0.6610720600284617,0.7366549950577158
0.661567984820389,0.7370403256881503
0.6620639096123162,0.7374256563185847
0.6625598344042434,0.737810986949019
0.6630557591961705,0.7381963175794535
0.6635516839880978,0.7385816482098879
0.664047608780025,0.7389669788403224
0.6645435335719522,0.7393523094707568
0.6650394583638795,0.7397376401011911
0.6655353831558066,0.7401229707316256
0.6660313079477338,0.74050830136206
0.6665272327396611,0.7408936319924945
0.6670231575315883,0.7412789626229288
0.6675190823235154,0.7416642932533632
0.6680150071154427,0.7420496238837977
0.6685109319073699,0.7424349545142321
0.669006856699297,0.7428202851446665
0.6695027814912243,0.7432056157751009
0.6699987062831515,0.7435909464055354
0.6704946310750787,0.7439762770359698
0.670990555867006,0.7443616076664042
0.6714864806589331,0.7447469382968386
0.6719824054508603,0.745132268927273
0.6724783302427876,0.7455175995577075
0.6729742550347148,0.7459029301881419
0.6734701798266419,0.7462882608185762
0.6739661046185691,0.7466735914490107
0.6744620294104964,0.7470589220794451
0.6749579542024235,0.7474442527098796
0.6754538789943507,0.7478295833403139
0.675949803786278,0.7482149139707484
0.6764457285782052,0.7486002446011828
0.6769416533701323,0.7489855752316172
0.6774375781620596,0.7493709058620517
0.6779335029539868,0.749756236492486
0.678429427745914,0.7501415671229205
0.6789253525378413,0.7505268977533549
0.6794212773297684,0.7509122283837893
0.6799172021216956,0.7512975590142237
0.6804131269136229,0.7516828896446581
0.68090905170555,0.7520682202750926
0.6814049764974772,0.752453550905527
0.6819009012894045,0.7528388815359613
0.6823968260813317,0.7532242121663958
0.6828927508732588,0.7536095427968302
0.6833886756651861,0.7539948734272647
0.6838846004571133,0.7543802040576991
0.6843805252490405,0.7547655346881335
0.6848764500409678,0.7551508653185679
0.6853723748328949,0.7555361959490023
0.6858682996248221,0.7559215265794368
0.6863642244167493,0.7563068572098711
0.6868601492086766,0.7566921878403056
0.6873560740006037,0.75707751847074
0.6878519987925309,0.7574628491011745
0.6883479235844582,0.7578481797316088
0.6888438483763853,0.7582335103620432
0.6893397731683125,0.7586188409924777
0.6898356979602398,0.7590041716229121
0.690331622752167,0.7593895022533466
0.6908275475440941,0.7597748328837809
0.6913234723360214,0.7601601635142153
0.6918193971279486,0.7605454941446498
0.6923153219198758,0.7609308247750842
0.692811246711803,0.7613161554055186
0.6933071715037302,0.761701486035953
0.6938030962956574,0.7620868166663874
0.6942990210875847,0.7624721472968219
0.6947949458795118,0.7628574779272563
0.695290870671439,0.7632428085576907
0.6957867954633663,0.7636281391881251
0.6962827202552935,0.7640134698185596
0.6967786450472206,0.764398800448994
0.6972745698391478,0.7647841310794283
0.6977704946310751,0.7651694617098628
0.6982664194230023,0.7655547923402972
0.6987623442149294,0.7659401229707317
0.6992582690068567,0.766325453601166
0.6997541937987839,0.7667107842316004
0.7002501185907111,0.7670961148620349
0.7007460433826384,0.7674814454924693
0.7012419681745655,0.7678667761229038
0.7017378929664927,0.7682521067533381
0.70223381775842,0.7686374373837725
0.7027297425503471,0.769022768014207
0.7032256673422743,0.7694080986446414
0.7037215921342016,0.7697934292750758
0.7042175169261288,0.7701787599055102
0.7047134417180559,0.7705640905359447
0.7052093665099832,0.7709494211663791
0.7057052913019104,0.7713347517968134
0.7062012160938376,0.7717200824272479
0.7066971408857649,0.7721054130576823
0.707193065677692,0.7724907436881168
0.7076889904696192,0.7728760743185512
0.7081849152615465,0.7732614049489855
0.7086808400534736,0.77364673557942
0.7091767648454008,0.7740320662098544
0.709672689637328,0.7744173968402889
0.7101686144292553,0.7748027274707232
0.7106645392211824,0.7751880581011577
0.7111604640131096,0.7755733887315921
0.7116563888050369,0.7759587193620265
0.7121523135969641,0.7763440499924609
0.7126482383888912,0.7767293806228953
0.7131441631808185,0.7771147112533298
0.7136400879727457,0.7775000418837642
0.7141360127646729,0.7778853725141986
0.7146319375566001,0.778270703144633
0.7151278623485273,0.7786560337750674
0.7156237871404545,0.7790413644055019
0.7161197119323818,0.7794266950359363
0.716615636724309,0.7798120256663706
0.7171115615162361,0.7801973562968051
0.7176074863081634,0.7805826869272395
0.7181034111000906,0.780968017557674
0.7185993358920177,0.7813533481881083
0.719095260683945,0.7817386788185428
0.7195911854758722,0.7821240094489772
0.7200871102677994,0.7825093400794116
0.7205830350597265,0.7828946707098461
0.7210789598516538,0.7832800013402804
0.721574884643581,0.7836653319707149
0.7220708094355082,0.7840506626011493
0.7225667342274354,0.7844359932315838
0.7230626590193626,0.7848213238620181
0.7235585838112898,0.7852066544924525
0.7240545086032171,0.785591985122887
0.7245504333951442,0.7859773157533214
0.7250463581870714,0.7863626463837557
0.7255422829789987,0.7867479770141902
0.7260382077709259,0.7871333076446246
0.726534132562853,0.7875186382750591
0.7270300573547803,0.7879039689054935
0.7275259821467075,0.7882892995359279
0.7280219069386347,0.7886746301663623
0.728517831730562,0.7890599607967967
0.7290137565224891,0.7894452914272312
0.7295096813144163,0.7898306220576655
0.7300056061063436,0.7902159526881
0.7305015308982707,0.7906012833185344
0.7309974556901979,0.7909866139489689
0.7314933804821252,0.7913719445794032
0.7319893052740524,0.7917572752098376
0.7324852300659795,0.7921426058402721
0.7329811548579067,0.7925279364707065
0.733477079649834,0.792913267101141
0.7339730044417612,0.7932985977315753
0.7344689292336883,0.7936839283620097
0.7349648540256156,0.7940692589924442
0.7354607788175428,0.7944545896228786
0.73595670360947,0.794839920253313
0.7364526284013972,0.7952252508837474
0.7369485531933244,0.7956105815141818
0.7374444779852516,0.7959959121446163
0.7379404027771789,0.7963812427750506
0.738436327569106,0.7967665734054851
0.7389322523610332,0.7971519040359195
0.7394281771529605,0.797537234666354
0.7399241019448877,0.7979225652967884
0.7404200267368148,0.7983078959272227
0.7409159515287421,0.7986932265576572
0.7414118763206693,0.7990785571880916
0.7419078011125965,0.7994638878185261
0.7424037259045237,0.7998492184489604
0.7428996506964509,0.8002345490793948
0.7433955754883781,0.8006198797098293
0.7438915002803053,0.8010052103402637
0.7443874250722325,0.8013905409706982
0.7448833498641597,0.8017758716011325
0.7453792746560869,0.802161202231567
0.7458751994480142,0.8025465328620014
0.7463711242399413,0.8029318634924358
0.7468670490318685,0.8033171941228702
0.7473629738237958,0.8037025247533046
0.747858898615723,0.8040878553837391
0.7483548234076501,0.8044731860141735
0.7488507481995774,0.8048585166446078
0.7493466729915046,0.8052438472750423
0.7498425977834318,0.8056291779054767
0.750338522575359,0.8060145085359112
0.7508344473672862,0.8063998391663456
0.7513303721592134,0.8067851697967799
0.7518262969511407,0.8071705004272144
0.7523222217430678,0.8075558310576488
0.752818146534995,0.8079411616880833
0.7533140713269223,0.8083264923185176
0.7538099961188495,0.808711822948952
0.7543059209107766,0.8090971535793865
0.7548018457027039,0.8094824842098209
0.7552977704946311,0.8098678148402553
0.7557936952865583,0.8102531454706897
0.7562896200784854,0.8106384761011242
0.7567855448704127,0.8110238067315586
0.7572814696623399,0.811409137361993
0.7577773944542671,0.8117944679924274
0.7582733192461943,0.8121797986228618
0.7587692440381215,0.8125651292532963
0.7592651688300487,0.8129504598837307
0.759761093621976,0.813335790514165
0.7602570184139031,0.8137211211445995
0.7607529432058303,0.8141064517750339
0.7612488679977576,0.8144917824054684
0.7617447927896848,0.8148771130359027
0.7622407175816119,0.8152624436663372
0.7627366423735392,0.8156477742967716
0.7632325671654664,0.816033104927206
0.7637284919573936,0.8164184355576405
0.7642244167493208,0.8168037661880748
0.764720341541248,0.8171890968185093
0.7652162663331752,0.8175744274489437
0.7657121911251025,0.8179597580793782
0.7662081159170296,0.8183450887098125
0.7667040407089568,0.8187304193402469
0.767199965500884,0.8191157499706814
0.7676958902928113,0.8195010806011158
0.7681918150847384,0.8198864112315501
0.7686877398766656,0.8202717418619846
0.7691836646685929,0.820657072492419
0.7696795894605201,0.8210424031228535
0.7701755142524472,0.8214277337532879
0.7706714390443745,0.8218130643837223
0.7711673638363017,0.8221983950141567
0.7716632886282289,0.8225837256445911
0.7721592134201561,0.8229690562750256
0.7726551382120833,0.8233543869054599
0.7731510630040105,0.8237397175358944
0.7736469877959378,0.8241250481663288
0.7741429125878649,0.8245103787967633
0.7746388373797921,0.8248957094271976
0.7751347621717194,0.825281040057632
0.7756306869636466,0.8256663706880665
0.7761266117555737,0.8260517013185009
0.776622536547501,0.8264370319489354
0.7771184613394282,0.8268223625793697
0.7776143861313554,0.8272076932098041
0.7781103109232826,0.8275930238402386
0.7786062357152098,0.827978354470673
0.779102160507137,0.8283636851011074
0.7795980852990642,0.8287490157315418
0.7800940100909914,0.8291343463619762
0.7805899348829186,0.8295196769924107
0.7810858596748458,0.829905007622845
0.7815817844667731,0.8302903382532795
0.7820777092587002,0.8306756688837139
0.7825736340506274,0.8310609995141484
0.7830695588425547,0.8314463301445828
0.7835654836344819,0.8318316607750171
0.784061408426409,0.8322169914054516
0.7845573332183363,0.832602322035886
0.7850532580102635,0.8329876526663205
0.7855491828021907,0.8333729832967548
0.7860451075941179,0.8337583139271892
0.7865410323860451,0.8341436445576237
0.7870369571779723,0.8345289751880581
0.7875328819698996,0.8349143058184926
0.7880288067618267,0.8352996364489269
0.7885247315537539,0.8356849670793614
0.7890206563456812,0.8360702977097958
0.7895165811376084,0.8364556283402302
0.7900125059295355,0.8368409589706646
0.7905084307214627,0.837226289601099
0.79100435551339,0.8376116202315335
0.7915002803053172,0.8379969508619679
0.7919962050972443,0.8383822814924022
0.7924921298891716,0.8387676121228367
0.7929880546810988,0.8391529427532711
0.793483979473026,0.8395382733837056
0.7939799042649532,0.83992360401414
0.7944758290568804,0.8403089346445743
0.7949717538488076,0.8406942652750088
0.7954676786407349,0.8410795959054432
0.795963603432662,0.8414649265358777
0.7964595282245892,0.841850257166312
0.7969554530165165,0.8422355877967465
0.7974513778084437,0.8426209184271809
0.7979473026003708,0.8430062490576153
0.7984432273922981,0.8433915796880497
0.7989391521842253,0.8437769103184841
0.7994350769761525,0.8441622409489186
0.7999310017680797,0.844547571579353
0.8004269265600069,0.8449329022097875
0.8009228513519341,0.8453182328402218
0.8014187761438614,0.8457035634706562
0.8019147009357885,0.8460888941010907
0.8024106257277157,0.8464742247315251
0.8029065505196429,0.8468595553619594
0.8034024753115702,0.8472448859923939
0.8038984001034973,0.8476302166228283
0.8043943248954245,0.8480155472532628
0.8048902496873518,0.8484008778836971
0.805386174479279,0.8487862085141316
0.8058820992712061,0.849171539144566
0.8063780240631334,0.8495568697750004
0.8068739488550606,0.8499422004054349
0.8073698736469878,0.8503275310358692
0.807865798438915,0.8507128616663037
0.8083617232308422,0.8510981922967381
0.8088576480227694,0.8514835229271726
0.8093535728146967,0.8518688535576069
0.8098494976066238,0.8522541841880413
0.810345422398551,0.8526395148184758
0.8108413471904783,0.8530248454489102
0.8113372719824055,0.8534101760793446
0.8118331967743326,0.853795506709779
0.8123291215662599,0.8541808373402134
0.8128250463581871,0.8545661679706479
0.8133209711501143,0.8549514986010823
0.8138168959420415,0.8553368292315167
0.8143128207339687,0.8557221598619511
0.8148087455258959,0.8561074904923855
0.815304670317823,0.85649282112282
0.8158005951097503,0.8568781517532543
0.8162965199016775,0.8572634823836888
0.8167924446936047,0.8576488130141232
0.817288369485532,0.8580341436445577
0.8177842942774591,0.858419474274992
0.8182802190693863,0.8588048049054264
0.8187761438613136,0.8591901355358609
0.8192720686532408,0.8595754661662953
0.8197679934451679,0.8599607967967298
0.8202639182370952,0.8603461274271641
0.8207598430290224,0.8607314580575985
0.8212557678209496,0.861116788688033
0.8217516926128768,0.8615021193184674
0.822247617404804,0.8618874499489018
0.8227435421967312,0.8622727805793362
0.8232394669886585,0.8626581112097707
0.8237353917805856,0.8630434418402051
0.8242313165725128,0.8634287724706394
0.8247272413644401,0.8638141031010739
0.8252231661563673,0.8641994337315083
0.8257190909482944,0.8645847643619428
0.8262150157402216,0.8649700949923772
0.8267109405321489,0.8653554256228115
0.8272068653240761,0.865740756253246
0.8277027901160032,0.8661260868836804
0.8281987149079305,0.8665114175141149
0.8286946396998577,0.8668967481445492
0.8291905644917849,0.8672820787749836
0.8296864892837121,0.8676674094054181
0.8301824140756393,0.8680527400358525
0.8306783388675665,0.8684380706662869
0.8311742636594938,0.8688234012967213
0.8316701884514209,0.8692087319271558
0.8321661132433481,0.8695940625575902
0.8326620380352754,0.8699793931880246
0.8331579628272026,0.870364723818459
0.8336538876191297,0.8707500544488934
0.834149812411057,0.8711353850793279
0.8346457372029842,0.8715207157097623
0.8351416619949114,0.8719060463401966
0.8356375867868386,0.8722913769706311
0.8361335115787658,0.8726767076010655
0.836629436370693,0.8730620382315
0.8371253611626203,0.8734473688619344
0.8376212859545474,0.8738326994923687
0.8381172107464746,0.8742180301228032
0.8386131355384018,0.8746033607532376
0.8391090603303291,0.8749886913836721
0.8396049851222562,0.8753740220141064
0.8401009099141834,0.8757593526445409
0.8405968347061107,0.8761446832749753
0.8410927594980379,0.8765300139054097
0.841588684289965,0.8769153445358441
0.8420846090818923,0.8773006751662785
0.8425805338738195,0.877686005796713
0.8430764586657467,0.8780713364271474
0.8435723834576739,0.8784566670575819
0.8440683082496011,0.8788419976880162
0.8445642330415283,0.8792273283184506
0.8450601578334556,0.8796126589488851
0.8455560826253827,0.8799979895793195
0.8460520074173099,0.8803833202097539
0.8465479322092372,0.8807686508401883
0.8470438570011644,0.8811539814706227
0.8475397817930915,0.8815393121010572
0.8480357065850188,0.8819246427314915
0.848531631376946,0.882309973361926
0.8490275561688732,0.8826953039923604
0.8495234809608003,0.8830806346227948
0.8500194057527276,0.8834659652532293
0.8505153305446548,0.8838512958836636
0.851011255336582,0.8842366265140981
0.8515071801285092,0.8846219571445325
0.8520031049204364,0.885007287774967
0.8524990297123636,0.8853926184054013
0.8529949545042909,0.8857779490358357
0.853490879296218,0.8861632796662702
0.8539868040881452,0.8865486102967046
0.8544827288800725,0.886933940927139
0.8549786536719997,0.8873192715575734
0.8554745784639268,0.8877046021880078
0.8559705032558541,0.8880899328184423
0.8564664280477813,0.8884752634488767
0.8569623528397085,0.8888605940793111
0.8574582776316357,0.8892459247097455
0.8579542024235629,0.88963125534018
0.8584501272154901,0.8900165859706144
0.8589460520074174,0.8904019166010487
0.8594419767993445,0.8907872472314832
0.8599379015912717,0.8911725778619176
0.860433826383199,0.8915579084923521
0.8609297511751262,0.8919432391227864
0.8614256759670533,0.8923285697532208
0.8619216007589805,0.8927139003836553
0.8624175255509078,0.8930992310140897
0.862913450342835,0.8934845616445242
0.8634093751347621,0.8938698922749585
0.8639052999266894,0.8942552229053929
0.8644012247186166,0.8946405535358274
0.8648971495105438,0.8950258841662618
0.865393074302471,0.8954112147966962
0.8658889990943982,0.8957965454271306
0.8663849238863254,0.896181876057565
0.8668808486782527,0.8965672066879995
0.8673767734701798,0.8969525373184338
0.867872698262107,0.8973378679488683
0.8683686230540343,0.8977231985793027
0.8688645478459615,0.8981085292097372
0.8693604726378886,0.8984938598401716
0.8698563974298159,0.8988791904706059
0.8703523222217431,0.8992645211010404
0.8708482470136703,0.8996498517314748
0.8713441718055975,0.9000351823619093
0.8718400965975247,0.9004205129923436
0.8723360213894519,0.900805843622778
0.872831946181379,0.9011911742532125
0.8733278709733063,0.9015765048836469
0.8738237957652335,0.9019618355140813
0.8743197205571607,0.9023471661445157
0.874815645349088,0.9027324967749502
0.8753115701410151,0.9031178274053846
0.8758074949329423,0.903503158035819
0.8763034197248696,0.9038884886662534
0.8767993445167968,0.9042738192966878
0.8772952693087239,0.9046591499271223
0.8777911941006512,0.9050444805575567
0.8782871188925784,0.905429811187991
0.8787830436845055,0.9058151418184255
0.8792789684764328,0.9062004724488599
0.87977489326836,0.9065858030792944
0.8802708180602872,0.9069711337097288
0.8807667428522145,0.9073564643401631
0.8812626676441416,0.9077417949705976
0.8817585924360688,0.908127125601032
0.8822545172279961,0.9085124562314665
0.8827504420199233,0.9088977868619008
0.8832463668118504,0.9092831174923353
0.8837422916037777,0.9096684481227697
0.8842382163957049,0.9100537787532041
0.884734141187632,0.9104391093836385
0.8852300659795592,0.9108244400140729
0.8857259907714865,0.9112097706445074
0.8862219155634137,0.9115951012749418
0.8867178403553408,0.9119804319053763
0.8872137651472681,0.9123657625358106
0.8877096899391953,0.912751093166245
0.8882056147311225,0.9131364237966795
0.8887015395230498,0.9135217544271139
0.8891974643149769,0.9139070850575483
0.8896933891069041,0.9142924156879827
0.8901893138988314,0.9146777463184171
0.8906852386907586,0.9150630769488516
0.8911811634826857,0.9154484075792859
0.891677088274613,0.9158337382097204
0.8921730130665402,0.9162190688401548
0.8926689378584673,0.9166043994705892
0.8931648626503946,0.9169897301010237
0.8936607874423218,0.917375060731458
0.894156712234249,0.9177603913618925
0.8946526370261763,0.9181457219923269
0.8951485618181034,0.9185310526227614
0.8956444866100306,0.9189163832531957
0.8961404114019578,0.9193017138836301
0.896636336193885,0.9196870445140646
0.8971322609858122,0.920072375144499
0.8976281857777394,0.9204577057749334
0.8981241105696667,0.9208430364053678
0.8986200353615938,0.9212283670358022
0.899115960153521,0.9216136976662367
0.8996118849454483,0.9219990282966711
0.9001078097373755,0.9223843589271055
0.9006037345293026,0.9227696895575399
0.9010996593212299,0.9231550201879744
0.9015955841131571,0.9235403508184088
0.9020915089050843,0.9239256814488431
0.9025874336970116,0.9243110120792776
0.9030833584889387,0.924696342709712
0.9035792832808659,0.9250816733401465
0.9040752080727932,0.9254670039705808
0.9045711328647204,0.9258523346010152
0.9050670576566475,0.9262376652314497
0.9055629824485748,0.9266229958618841
0.906058907240502,0.9270083264923186
0.9065548320324291,0.9273936571227529
0.9070507568243564,0.9277789877531873
0.9075466816162836,0.9281643183836218
0.9080426064082108,0.9285496490140562
0.9085385312001379,0.9289349796444906
0.9090344559920652,0.929320310274925
0.9095303807839924,0.9297056409053595
0.9100263055759196,0.9300909715357939
0.9105222303678469,0.9304763021662282
0.911018155159774,0.9308616327966627
0.9115140799517012,0.9312469634270971
0.9120100047436285,0.9316322940575316
0.9125059295355556,0.932017624687966
0.9130018543274828,0.9324029553184003
0.9134977791194101,0.9327882859488348
0.9139937039113373,0.9331736165792692
0.9144896287032644,0.9335589472097037
0.9149855534951917,0.933944277840138
0.9154814782871189,0.9343296084705724
0.9159774030790461,0.9347149391010069
0.9164733278709734,0.9351002697314413
0.9169692526629005,0.9354856003618757
0.9174651774548277,0.9358709309923101
0.917961102246755,0.9362562616227446
0.9184570270386821,0.936641592253179
0.9189529518306093,0.9370269228836134
0.9194488766225365,0.9374122535140478
0.9199448014144638,0.9377975841444822
0.920440726206391,0.9381829147749167
0.9209366509983181,0.9385682454053511
0.9214325757902454,0.9389535760357854
0.9219285005821726,0.9393389066662199
0.9224244253740997,0.9397242372966543
0.922920350166027,0.9401095679270888
0.9234162749579542,0.9404948985575231
0.9239121997498814,0.9408802291879576
0.9244081245418087,0.941265559818392
0.9249040493337358,0.9416508904488264
0.925399974125663,0.9420362210792609
0.9258958989175903,0.9424215517096952
0.9263918237095174,0.9428068823401297
0.9268877485014446,0.9431922129705641
0.9273836732933719,0.9435775436009985
0.9278795980852991,0.9439628742314329
0.9283755228772262,0.9443482048618673
0.9288714476691535,0.9447335354923018
0.9293673724610807,0.9451188661227362
0.9298632972530079,0.9455041967531707
0.9303592220449352,0.945889527383605
0.9308551468368623,0.9462748580140394
0.9313510716287895,0.9466601886444739
0.9318469964207167,0.9470455192749083
0.932342921212644,0.9474308499053427
0.9328388460045711,0.9478161805357771
0.9333347707964983,0.9482015111662115
0.9338306955884256,0.948586841796646
0.9343266203803527,0.9489721724270803
0.9348225451722799,0.9493575030575148
0.9353184699642072,0.9497428336879492
0.9358143947561344,0.9501281643183837
0.9363103195480615,0.9505134949488181
0.9368062443399888,0.9508988255792524
0.937302169131916,0.9512841562096869
0.9377980939238432,0.9516694868401213
0.9382940187157705,0.9520548174705558
0.9387899435076976,0.9524401481009901
0.9392858682996248,0.9528254787314245
0.9397817930915521,0.953210809361859
0.9402777178834792,0.9535961399922934
0.9407736426754064,0.9539814706227278
0.9412695674673337,0.9543668012531622
0.9417654922592609,0.9547521318835966
0.942261417051188,0.9551374625140311
0.9427573418431152,0.9555227931444655
0.9432532666350425,0.9559081237748999
0.9437491914269697,0.9562934544053343
0.9442451162188968,0.9566787850357688
0.9447410410108241,0.9570641156662032
0.9452369658027513,0.9574494462966375
0.9457328905946785,0.957834776927072
0.9462288153866057,0.9582201075575064
0.9467247401785329,0.9586054381879409
0.9472206649704601,0.9589907688183752
0.9477165897623874,0.9593760994488096
0.9482125145543145,0.9597614300792441
0.9487084393462417,0.9601467607096785
0.949204364138169,0.960532091340113
0.9497002889300962,0.9609174219705473
0.9501962137220233,0.9613027526009817
0.9506921385139506,0.9616880832314162
0.9511880633058778,0.9620734138618506
0.951683988097805,0.962458744492285
0.9521799128897322,0.9628440751227194
0.9526758376816594,0.9632294057531539
0.9531717624735866,0.9636147363835883
0.9536676872655139,0.9640000670140226
0.954163612057441,0.9643853976444571
0.9546595368493682,0.9647707282748915
0.9551554616412954,0.965156058905326
0.9556513864332227,0.9655413895357604
0.9561473112251498,0.9659267201661947
0.956643236017077,0.9663120507966292
0.9571391608090043,0.9666973814270636
0.9576350856009315,0.9670827120574981
0.9581310103928586,0.9674680426879324
0.9586269351847859,0.9678533733183668
0.9591228599767131,0.9682387039488013
0.9596187847686403,0.9686240345792357
0.9601147095605675,0.9690093652096701
0.9606106343524947,0.9693946958401045
0.9611065591444219,0.969780026470539
0.9616024839363492,0.9701653571009734
0.9620984087282763,0.9705506877314078
0.9625943335202035,0.9709360183618422
0.9630902583121308,0.9713213489922766
0.963586183104058,0.9717066796227111
0.9640821078959851,0.9720920102531455
0.9645780326879124,0.9724773408835798
0.9650739574798396,0.9728626715140143
0.9655698822717668,0.9732480021444487
0.9660658070636939,0.9736333327748832
0.9665617318556212,0.9740186634053175
0.9670576566475484,0.974403994035752
0.9675535814394756,0.9747893246661864
0.9680495062314028,0.9751746552966208
0.96854543102333,0.9755599859270553
0.9690413558152572,0.9759453165574896
0.9695372806071845,0.9763306471879241
0.9700332053991116,0.9767159778183585
0.9705291301910388,0.977101308448793
0.9710250549829661,0.9774866390792273
0.9715209797748933,0.9778719697096617
0.9720169045668204,0.9782573003400962
0.9725128293587477,0.9786426309705306
0.9730087541506749,0.979027961600965
0.9735046789426021,0.9794132922313994
0.9740006037345293,0.9797986228618338
0.9744965285264565,0.9801839534922683
0.9749924533183837,0.9805692841227027
0.975488378110311,0.980954614753137
0.9759843029022381,0.9813399453835715
0.9764802276941653,0.9817252760140059
0.9769761524860926,0.9821106066444404
0.9774720772780198,0.9824959372748747
0.9779680020699469,0.9828812679053092
0.9784639268618741,0.9832665985357436
0.9789598516538014,0.983651929166178
0.9794557764457286,0.9840372597966125
0.9799517012376557,0.9844225904270468
0.980447626029583,0.9848079210574813
0.9809435508215102,0.9851932516879157
0.9814394756134374,0.9855785823183502
0.9819354004053646,0.9859639129487845
0.9824313251972918,0.9863492435792189
0.982927249989219,0.9867345742096534
0.9834231747811463,0.9871199048400878
0.9839190995730734,0.9875052354705222
0.9844150243650006,0.9878905661009566
0.9849109491569279,0.988275896731391
0.9854068739488551,0.9886612273618255
0.9859027987407822,0.9890465579922599
0.9863987235327095,0.9894318886226943
0.9868946483246367,0.9898172192531287
0.9873905731165639,0.9902025498835632
0.9878864979084911,0.9905878805139976
0.9883824227004183,0.9909732111444319
0.9888783474923455,0.9913585417748664
0.9893742722842727,0.9917438724053008
0.9898701970761999,0.9921292030357353
0.9903661218681271,0.9925145336661696
0.9908620466600543,0.992899864296604
0.9913579714519816,0.9932851949270385
0.9918538962439087,0.9936705255574729
0.9923498210358359,0.9940558561879074
0.9928457458277632,0.9944411868183417
0.9933416706196904,0.9948265174487761
0.9938375954116175,0.9952118480792106
0.9943335202035448,0.995597178709645
0.994829444995472,0.9959825093400794
0.9953253697873992,0.9963678399705138
0.9958212945793264,0.9967531706009483
0.9963172193712536,0.9971385012313827
0.9968131441631808,0.997523831861817
0.9973090689551081,0.9979091624922515
0.9978049937470352,0.9982944931226859
0.9983009185389624,0.9986798237531204
0.9987968433308897,0.9990651543835548
0.9992927681228169,0.9994504850139891
0.999788692914744,0.9998358156444236
